1,4,Leandra,Alba,2,4884180926,2270428746,7943 S Fifth Street,usuario1@gmail.com,24669,21/05/2025
2,4,Abel,Zamorano,4,6736403599,5912894906,Youngs Cove NB E4C 4K5,usuario2@gmail.com,52601,21/05/2025
3,2,Abel,Zabaleta,4,1239676429,1073892667,YORK,usuario3@gmail.com,87738,21/05/2025
4,2,Abel,Zabala,2,4008704698,5178332148,WV82 8AJ,usuario4@gmail.com,46017,21/05/2025
5,2,Abel,Zabala,1,6185715853,9121975784,WS53 7IY,usuario5@gmail.com,60729,21/05/2025
6,3,Abigal,Yuste,5,4289924329,9319061312,WR45 4AU,usuario6@gmail.com,24509,21/05/2025
7,4,Abilio,VizcaSegurano,4,2798478632,1029261131,Woodstock NB E7M 8P6,usuario7@gmail.com,51983,21/05/2025
8,3,Abril,Vives,1,3522460946,1416092413,Winter Springs FL 32708,usuario8@gmail.com,44313,21/05/2025
9,3,Abril,Vi려s,1,7348398660,1197912636,Winter Park FL 32792,usuario9@gmail.com,47173,21/05/2025
10,4,Abril,Vi려,2,6839605268,1852052892,Winter Haven FL 33880,usuario10@gmail.com,52608,21/05/2025
11,3,Adalberto,Villena-Saura,5,6334195266,7610277012,Winnipeg MB R2C 4A3,usuario11@gmail.com,96896,21/05/2025
12,2,Adalberto,Villaverde,2,1093299503,4327028356,Windsor ON N8P 8C9,usuario12@gmail.com,84124,21/05/2025
13,3,Adalberto,Villaverde,4,9451077689,516035288,Windsor LB A2B 0T8,usuario13@gmail.com,83753,21/05/2025
14,2,Ad?n,Villar,4,7442765762,9926518109,Wetaskiwin AB T9A 7X8,usuario14@gmail.com,83057,21/05/2025
15,3,Adelaida,Villanueva,3,1982585632,7256172210,WESTERN CENTRAL LONDON,usuario15@gmail.com,30402,21/05/2025
16,2,Adelardo,Vila-Rios,5,2174188568,3497243717,West Palm Beach FL 33415,usuario16@gmail.com,39966,21/05/2025
17,2,Adelardo,Vilar,1,5533109846,3616995687,West Palm Beach FL 33414,usuario17@gmail.com,43470,21/05/2025
18,2,Adelia,Vilaplana,1,3854060901,8466166868,West Palm Beach FL 33411,usuario18@gmail.com,48923,21/05/2025
19,3,Adelia,Vila,5,3949028152,8968421352,WD65 4RB,usuario19@gmail.com,91982,21/05/2025
20,4,Adelina,Vila,3,7290174795,4471010637,WC80 6TR,usuario20@gmail.com,41335,21/05/2025
21,2,Adelina,Vigil,2,2910224376,7246383190,WC72 9NZ,usuario21@gmail.com,77401,21/05/2025
22,3,Adolfo,Vigil,4,9755884120,5900198147,WC58 1WY,usuario22@gmail.com,71176,21/05/2025
23,3,Adora,Vidal-Roma,4,6183878495,1030379694,WC52 1ML,usuario23@gmail.com,78335,21/05/2025
24,4,Adora,Vicente,2,7308016617,5459822888,WC50 3YX,usuario24@gmail.com,50936,21/05/2025
25,3,Adoraci잝,Viana,5,8314987926,7222648828,WC28 1FM,usuario25@gmail.com,52216,21/05/2025
26,3,Adoraci잝,Verdugo,1,6989784383,1493661578,WC26 5BI,usuario26@gmail.com,32409,21/05/2025
27,4,Adoraci잝,Verdugo,5,6274352229,4382475473,WC10 7YI,usuario27@gmail.com,91581,21/05/2025
28,2,Adri?n,Verd?,5,1353666521,4154928756,WC10 3BR,usuario28@gmail.com,12129,21/05/2025
29,2,Adriana,Verd?,4,3582741119,3827950587,WC09 3CX,usuario29@gmail.com,37876,21/05/2025
30,2,Adriana,Verdejo,2,3557250746,2791175216,Wallaceburg ON N8A 3M8,usuario30@gmail.com,52517,21/05/2025
31,4,Adriana,Vendrell,5,4462791882,4861177942,WAKEFIELD,usuario31@gmail.com,38868,21/05/2025
32,3,Adriana,Velasco,5,1208373346,6228540277,WA48 9PQ,usuario32@gmail.com,60871,21/05/2025
33,2,?frica,Velasco,3,3902855225,804169680,W96 8WX,usuario33@gmail.com,87189,21/05/2025
34,3,?frica,V?zquez,3,1909844505,8236520702,W95 4IQ,usuario34@gmail.com,25598,21/05/2025
35,3,?gata,Vazquez,3,4601044885,7987646597,W94 3IX,usuario35@gmail.com,21070,21/05/2025
36,2,?gata,Vazquez,5,8936048974,3654001945,W93 5YP,usuario36@gmail.com,59309,21/05/2025
37,2,?gueda,Vargas,5,3567587500,4703364336,W85 2FV,usuario37@gmail.com,97425,21/05/2025
38,2,Ainara,Vargas,2,3188650087,356537255,W62 7UD,usuario38@gmail.com,14367,21/05/2025
39,4,Aitana,Vara,5,5324175943,6058064644,W56 7HP,usuario39@gmail.com,42807,21/05/2025
40,2,Aitana,Valverde,2,6202267777,5147339625,W52 6WK,usuario40@gmail.com,13557,21/05/2025
41,3,Aitor,Valls,4,8903176218,8984012339,W43 9QS,usuario41@gmail.com,29005,21/05/2025
42,3,Alba,Vall?s,2,1565239497,6613161860,W42 9AC,usuario42@gmail.com,12628,21/05/2025
43,4,Albano,Vallejo-Coll,2,7240692148,326888595,W28 9FC,usuario43@gmail.com,43960,21/05/2025
44,4,Alberto,Vallejo,1,2160235258,9956288077,W09 2TG,usuario44@gmail.com,42236,21/05/2025
45,3,Alberto,Vall,4,1017651796,8815492645,W06 1LQ,usuario45@gmail.com,50946,21/05/2025
46,3,Albina,Valero,2,5232698093,2783676601,W02 8UK,usuario46@gmail.com,84961,21/05/2025
47,3,Albina,Valera,3,9928028512,2305881623,Vimont QC H7M 0J1,usuario47@gmail.com,32164,21/05/2025
48,2,Alcides,Valenzuela,5,7640076574,4873673772,Ville 낤ard QC H4E 1K4,usuario48@gmail.com,24588,21/05/2025
49,2,Alcides,Valenciano,3,6838677549,6689143934,Victorville CA 92392,usuario49@gmail.com,11832,21/05/2025
50,4,Alejandra,Valbuena,4,8183325161,4646976430,Venice FL 34293,usuario50@gmail.com,97458,21/05/2025
51,4,Alejandra,UrSeguraa,4,4360929708,1155748685,Vancouver BC V5K 7G2,usuario51@gmail.com,18656,21/05/2025
52,3,Alejandra,Tudela,3,2329722077,8345972692,Van Nuys CA 91405,usuario52@gmail.com,81812,21/05/2025
53,4,Alexandra,Tudela,5,4962923072,650137761,Valrico FL 33594,usuario53@gmail.com,37932,21/05/2025
54,3,Alexandra,Torrijos,1,1616423666,8659405601,Union City CA 94587,usuario54@gmail.com,73107,21/05/2025
55,3,Alicia,Torres,5,3720665130,1315660406,Tulare CA 93274,usuario55@gmail.com,96729,21/05/2025
56,3,Alma,Torres,4,2897434468,7361150558,Tracy CA 95376,usuario56@gmail.com,78679,21/05/2025
57,4,Alondra,Torrent-Valverde,4,6275642801,1087138686,TORQUAY,usuario57@gmail.com,21862,21/05/2025
58,2,Alonso,Torrens,3,5886464772,6900898282,Tampa FL 33624,usuario58@gmail.com,24587,21/05/2025
59,2,Amada,Torrecilla,5,7090096323,6296031942,Tampa FL 33617,usuario59@gmail.com,41149,21/05/2025
60,3,Amado,Torre,1,4007602137,3910993275,Tampa FL 33615,usuario60@gmail.com,24617,21/05/2025
61,3,Amalia,Torralba,1,7205657419,1442238343,Tampa FL 33614,usuario61@gmail.com,88640,21/05/2025
62,4,Amancio,Toro,3,1005196029,3315015685,Tampa FL 33612,usuario62@gmail.com,65886,21/05/2025
63,2,Amancio,Toro,5,8800188724,7040860219,Tampa FL 33610,usuario63@gmail.com,62637,21/05/2025
64,3,Amancio,Tormo,2,9495974168,858683553,Tampa FL 33604,usuario64@gmail.com,20799,21/05/2025
65,3,Amancio,Tormo,2,1590267787,6587561002,Tallahassee FL 32308,usuario65@gmail.com,96326,21/05/2025
66,2,Amanda,Tom?,1,8398000035,443696573,Tallahassee FL 32304,usuario66@gmail.com,54553,21/05/2025
67,3,Amaro,Tom?,2,6574867570,3673650614,Tallahassee FL 32303,usuario67@gmail.com,59437,21/05/2025
68,3,Amaya,Tom?s-Berm?dez,5,6964171867,2121233273,Sylmar CA 91342,usuario68@gmail.com,94999,21/05/2025
69,3,Amaya,Tom?s,3,4859534875,6568767120,SW96 2IA,usuario69@gmail.com,26170,21/05/2025
70,3,Amaya,Tomas,2,6384627361,1055141274,SW89 6BP,usuario70@gmail.com,59668,21/05/2025
71,2,Ambrosio,Tolosa,1,5858019685,9088073028,SW80 9JL,usuario71@gmail.com,55528,21/05/2025
72,4,Ambrosio,Tolosa,5,5792429384,8273095047,SW74 5VB,usuario72@gmail.com,18630,21/05/2025
73,2,Amelia,Tena,4,5665541403,5443818884,SW74 1UW,usuario73@gmail.com,52574,21/05/2025
74,3,Am?rica,Tello-Toledo,3,3407815512,255121039,SW73 5IR,usuario74@gmail.com,57548,21/05/2025
75,2,Am?rica,Tello,2,2893195600,6150038447,SW50 4KB,usuario75@gmail.com,49517,21/05/2025
76,3,Amlcar,T?llez,5,7844306191,3668282319,SW28 3JH,usuario76@gmail.com,43131,21/05/2025
77,2,Amlcar,Tejero,2,1962942247,3009307912,SW25 9DQ,usuario77@gmail.com,31532,21/05/2025
78,2,Amor,Tejero,5,6213808618,1699587483,SW21 9ZX,usuario78@gmail.com,82316,21/05/2025
79,4,Amparo,Tejada,1,6699952400,6748893391,SW19 4ZN,usuario79@gmail.com,88837,21/05/2025
80,2,Amparo,Tapia-Cabanillas,2,5204541448,2941032471,SUNDERLAND,usuario80@gmail.com,37489,21/05/2025
81,4,Ana,Tapia,1,8210076225,7239661807,Suite 3,usuario81@gmail.com,68074,21/05/2025
82,3,Ana,Tapia,2,8366568360,5182772820,Strathmore AB T1P 9V5,usuario82@gmail.com,72507,21/05/2025
83,4,Ana,Tamayo-Carpio,4,6616859545,1467677076,Stouffville ON L4A 6L1,usuario83@gmail.com,92781,21/05/2025
84,2,Anabel,Tamarit,3,6485498117,9986475622,STOCKPORT,usuario84@gmail.com,87404,21/05/2025
85,3,Anabel,Talavera,4,3640190935,897236731,Steinbach MB R5G 1B0,usuario85@gmail.com,99216,21/05/2025
86,4,Anabel,Taboada,3,1437754417,8443354707,St Stephen NB E3L 2A8,usuario86@gmail.com,21529,21/05/2025
87,2,Anacleto,Sureda,4,8727601880,1700434272,St Martins NB E5R 1J6,usuario87@gmail.com,93134,21/05/2025
88,3,Anacleto,Su?rez,2,9161733265,3095497559,St George NB E5C 6A9,usuario88@gmail.com,14802,21/05/2025
89,3,Anacleto,Suarez,1,4415326428,9323270729,St Albert AB T8N 8R8,usuario89@gmail.com,39145,21/05/2025
90,2,Anastasia,Soto,5,4905850836,7145612993,Spring Valley CA 91977,usuario90@gmail.com,88633,21/05/2025
91,2,Anastasio,Solsona,5,5412938319,6370982068,SOUTH WEST LONDON,usuario91@gmail.com,87235,21/05/2025
92,4,Andr?s,SolSeguras,5,9111413220,957292847,Simi Valley CA 93065,usuario92@gmail.com,85394,21/05/2025
93,3,Andr?s,SolSeguras,1,8332755736,3246208486,SHREWSBURY,usuario93@gmail.com,62269,21/05/2025
94,2,Andr?s,Solera,1,3139333423,5351362861,SHEFFIELD,usuario94@gmail.com,50637,21/05/2025
95,3,Andr?s,Sol?-Palma,5,4924381058,2003768450,SE96 8YE,usuario95@gmail.com,85873,21/05/2025
96,4,?ngela,Sol?,1,8741905563,2632340522,SE91 4YS,usuario96@gmail.com,69601,21/05/2025
97,2,?ngeles,Sol?,3,4530583853,8452825367,SE80 7ZT,usuario97@gmail.com,91860,21/05/2025
98,2,?ngeles,Sol?,4,2626042091,9922114736,SE59 7HT,usuario98@gmail.com,78099,21/05/2025
99,3,Ang?lica,Solana-Torrijos,1,7129437532,8403950370,SE57 3KJ,usuario99@gmail.com,52847,21/05/2025
100,4,Ang?lica,Solana,3,6726715829,7062595916,SE53 2CJ,usuario100@gmail.com,98680,21/05/2025
101,3,Angelina,Solana,4,1410824737,3894582584,SE50 2RD,usuario101@gmail.com,94916,21/05/2025
102,4,Angelina,Sola,5,2173525887,7721336760,SE42 3UM,usuario102@gmail.com,14422,21/05/2025
103,3,Angelina,Sierra,5,4263208429,8453446089,SE36 8WH,usuario103@gmail.com,63180,21/05/2025
104,4,Angelino,Sierra,5,4993999980,5507061017,SE34 0ME,usuario104@gmail.com,84074,21/05/2025
105,2,Angelino,Sevillano,1,7254842235,4228542807,SE31 9GQ,usuario105@gmail.com,21597,21/05/2025
106,2,Anbal,Serrano,4,2488225302,7286556566,SE29 0XB,usuario106@gmail.com,91618,21/05/2025
107,4,Anbal,Serrano,1,2376033568,1612036748,SE21 8PJ,usuario107@gmail.com,33781,21/05/2025
108,2,Anita,Serrano,5,8363857047,6790720695,SE07 3LY,usuario108@gmail.com,92698,21/05/2025
109,3,Anselma,Serra,2,9948097165,9831513612,Sarasota FL 34232,usuario109@gmail.com,27417,21/05/2025
110,3,Anselma,Serna,4,4522160682,5830276242,Sarasota FL 34231,usuario110@gmail.com,89106,21/05/2025
111,3,Antonio,Segura,4,1073384976,1954748597,Santa Ana CA 92704,usuario111@gmail.com,61138,21/05/2025
112,3,Antonio,Segura,5,3362629340,6619684468,Sanford FL 32771,usuario112@gmail.com,34296,21/05/2025
113,2,Apolinar,Segura,1,4748826112,451393878,San Pedro CA 90731,usuario113@gmail.com,36352,21/05/2025
114,2,Apolonia,Segura,5,8044154150,2232827331,San Jose CA 95111,usuario114@gmail.com,20233,21/05/2025
115,2,Apolonia,Segarra,3,7068690930,6988300066,San Francisco CA 94122,usuario115@gmail.com,72992,21/05/2025
116,3,Apolonia,Sedano-Domingo,4,2895115435,2745235488,San Francisco CA 94109,usuario116@gmail.com,17147,21/05/2025
117,4,Araceli,Seco,4,2220195491,698353607,San Diego CA 92115,usuario117@gmail.com,50123,21/05/2025
118,3,Ariel,Seco,5,8937584289,1066413660,San Diego CA 92114,usuario118@gmail.com,23352,21/05/2025
119,2,Ariel,Seco,3,2694383280,3283514993,Salinas CA 93905,usuario119@gmail.com,14928,21/05/2025
120,4,Ariel,Saura,3,4141158937,1903469940,Saint Raymond QC G3L 7P7,usuario120@gmail.com,39874,21/05/2025
121,4,Ariel,Saura,1,6919665636,6068123329,Saint Hippolyte QC J8A 8X2,usuario121@gmail.com,95380,21/05/2025
122,3,Ariel,Sarabia,2,2394350428,8984868878,Saint Colomban QC J5K 6C2,usuario122@gmail.com,71861,21/05/2025
123,2,Ariel,Sarabia,4,1224306960,1875419659,Saint Petersburg FL 33713,usuario123@gmail.com,18065,21/05/2025
124,3,Aristides,Sanz,3,3480957702,3816737493,Saint Petersburg FL 33710,usuario124@gmail.com,92743,21/05/2025
125,2,Aroa,Santana,4,1813852474,1230987139,SA65 3HD,usuario125@gmail.com,71433,21/05/2025
126,4,Arsenio,Santana,1,3972371625,1535329413,ROCHESTER,usuario126@gmail.com,15709,21/05/2025
127,4,Asdrubal,SanmartSeguran,4,1315528198,9916597771,Riverview FL 33569,usuario127@gmail.com,43369,21/05/2025
128,2,Asdrubal,Sanjuan,5,1709918677,3188949499,Riverside CA 92509,usuario128@gmail.com,85753,21/05/2025
129,3,Asunci잝,Sanjuan,3,3288135038,5346693477,RG6 1SR,usuario129@gmail.com,24145,21/05/2025
130,3,Asunci잝,Sandoval,1,6680185288,8953779560,REDHILL,usuario130@gmail.com,26370,21/05/2025
131,3,Atilio,Sancho-Garrido,3,8965382958,1768390520,Rancho Cucamonga CA 91730,usuario131@gmail.com,82506,21/05/2025
132,4,Aura,S?nchez,5,6684986259,1831032741,Qualicum Beach BC V9K 4J5,usuario132@gmail.com,94784,21/05/2025
133,4,Aura,S?nchez,4,1062919174,2171124002,Prince Rupert BC V8J 9N3,usuario133@gmail.com,80864,21/05/2025
134,2,Aura,Sanchez,4,3448195322,944149313,Port Saint Lucie FL 34952,usuario134@gmail.com,12451,21/05/2025
135,4,?urea,Sanchez,1,5075813464,735737184,Port Perry ON L9L 6K8,usuario135@gmail.com,93479,21/05/2025
136,4,?urea,Sanabria-FrSeguraas,4,9800990877,3417461366,Port Orange FL 32127,usuario136@gmail.com,55174,21/05/2025
137,2,?urea,Samper,1,6237074616,4150130563,Port Moody BC V3H 3N3,usuario137@gmail.com,57465,21/05/2025
138,2,Aurelia,Samper,2,5989199915,6001366620,Port Alberni BC V9Y 6C7,usuario138@gmail.com,84857,21/05/2025
139,3,Aurelia,Salv?,5,9537372919,7362976134,Pompano Beach FL 33071,usuario139@gmail.com,10782,21/05/2025
140,2,Aurelio,Salom,1,7997617210,2347262766,Pompano Beach FL 33068,usuario140@gmail.com,79951,21/05/2025
141,2,Azahar,Salgado,5,1384983023,451781409,Pompano Beach FL 33065,usuario141@gmail.com,44324,21/05/2025
142,3,Azucena,Salgado,1,6346758692,7811064178,Pompano Beach FL 33064,usuario142@gmail.com,46454,21/05/2025
143,2,Balduino,Sales,2,5811735808,2197333858,Pompano Beach FL 33063,usuario143@gmail.com,47154,21/05/2025
144,3,Baltasar,Salda려,2,2254747103,1107065447,Pitt Meadows BC V3Y 0T2,usuario144@gmail.com,19309,21/05/2025
145,4,Baltasar,Salcedo,3,7547853434,4360203428,Pico Rivera CA 90660,usuario145@gmail.com,76008,21/05/2025
146,3,B?rbara,Salazar,2,6841017835,885450910,PH82 4OY,usuario146@gmail.com,75495,21/05/2025
147,3,B?rbara,Salas,4,2736917140,8733183762,Petit Rocher NB E8J 4K5,usuario147@gmail.com,75206,21/05/2025
148,2,Basilio,Salamanca,5,2274276904,3389542097,Petawawa ON K8H 6P6,usuario148@gmail.com,49036,21/05/2025
149,2,Baudelio,Salamanca,1,2677447489,4655366434,Pensacola FL 32526,usuario149@gmail.com,44528,21/05/2025
150,3,Beatriz,Salamanca,2,2159357874,6213821626,Pensacola FL 32514,usuario150@gmail.com,44232,21/05/2025
151,4,Beatriz,Sainz,3,9431258733,4583640170,Pensacola FL 32506,usuario151@gmail.com,30775,21/05/2025
152,4,Beatriz,S?ez,5,1609465394,555351582,Pensacola FL 32503,usuario152@gmail.com,82996,21/05/2025
153,2,Beatriz,Sacrist?n,1,3107029332,1093189278,Parry Sound ON P2A 5R6,usuario153@gmail.com,37182,21/05/2025
154,4,Bego려,Sacrist?n,2,2593799275,9566762084,Parksville BC V9P 5L2,usuario154@gmail.com,21202,21/05/2025
155,4,Belen,Ruiz,3,8287901558,5039331108,Panama City FL 32404,usuario155@gmail.com,94773,21/05/2025
156,3,Belen,Ruiz,2,1007774111,2360576623,Palmetto FL 34221,usuario156@gmail.com,18463,21/05/2025
157,4,Belen,Ruiz,2,8044307216,6200972187,Palm Harbor FL 34683,usuario157@gmail.com,77623,21/05/2025
158,2,Bel?n,Ruiz,2,3997732421,2171302552,Palm Bay FL 32907,usuario158@gmail.com,40699,21/05/2025
159,3,Benigno,Ruiz,4,2052538918,1257803865,PAISLEY,usuario159@gmail.com,68181,21/05/2025
160,4,Benigno,Rueda,1,1057326400,2919150110,Oviedo FL 32765,usuario160@gmail.com,59589,21/05/2025
161,2,Benita,Ruano,3,4308780421,7366717889,OUTER HEBRIDES,usuario161@gmail.com,15541,21/05/2025
162,3,Benita,Rozas,5,6977939944,5603858015,Outaouais Sud QC J0X 9K0,usuario162@gmail.com,23176,21/05/2025
163,4,Benita,Rovira,2,4453479322,458011005,Ottawa ON K1G 0J7,usuario163@gmail.com,45828,21/05/2025
164,4,Benito,Roura,4,1752215318,1097111625,Oromocto NB E2V 6A5,usuario164@gmail.com,64976,21/05/2025
165,4,Benito,Rosales,1,1045315395,3958221226,Ormond Beach FL 32174,usuario165@gmail.com,73264,21/05/2025
166,4,Benjamn,Rosado,1,6118673324,8589305406,Orlando FL 32839,usuario166@gmail.com,71350,21/05/2025
167,2,Bernarda,Rosa,3,4557167626,295703998,Orlando FL 32837,usuario167@gmail.com,68214,21/05/2025
168,4,Bernardino,Rosa,2,9773603548,4101400503,Orlando FL 32835,usuario168@gmail.com,59489,21/05/2025
169,2,Berta,Ropero,2,6413681668,9039425840,Orlando FL 32825,usuario169@gmail.com,94578,21/05/2025
170,3,Berta,Romero,3,9993236722,1020000807,Orlando FL 32818,usuario170@gmail.com,75869,21/05/2025
171,2,Berto,Roman,3,2711043337,8082583457,Orlando FL 32812,usuario171@gmail.com,64812,21/05/2025
172,2,Bibiana,Roma-Estevez,1,6774638812,9321091881,Orlando FL 32811,usuario172@gmail.com,16757,21/05/2025
173,4,Bibiana,Rold?n-Galv?n,1,8411694358,9031660951,Orlando FL 32810,usuario173@gmail.com,58649,21/05/2025
174,3,Bibiana,Rold?n,5,3658727205,1277539686,Orlando FL 32808,usuario174@gmail.com,75616,21/05/2025
175,3,Bienvenida,Roig,4,3588900906,1158056863,Opa Locka FL 33056,usuario175@gmail.com,52349,21/05/2025
176,4,Blanca,RodrSeguraguez,1,9679022900,6357007221,Opa Locka FL 33055,usuario176@gmail.com,85724,21/05/2025
177,3,Blanca,Roca-Soler,1,6517013764,9562342311,Okotoks AB T1S 0P8,usuario177@gmail.com,98104,21/05/2025
178,3,Blanca,Robles,4,6588423919,8948417023,Oakland CA 94601,usuario178@gmail.com,57788,21/05/2025
179,3,Blanca,Robles,3,2326521311,2193870238,NW96 2RV,usuario179@gmail.com,19124,21/05/2025
180,3,Blanca,Rivas,5,9225671028,809921413,NW87 0HE,usuario180@gmail.com,74355,21/05/2025
181,3,Borja,Rivas,2,2078148448,2284755755,NW83 2EN,usuario181@gmail.com,63153,21/05/2025
182,3,Borja,Rius,1,9116303181,1965442208,NW58 7WR,usuario182@gmail.com,88295,21/05/2025
183,3,Brgida,Riquelme,2,5272029207,3704238105,NW58 3QB,usuario183@gmail.com,41566,21/05/2025
184,4,Brunilda,RSeguraos,2,9069336664,2195372812,NW54 0QY,usuario184@gmail.com,97810,21/05/2025
185,2,Brunilda,Rios,5,4742956229,3407775107,NW51 4UV,usuario185@gmail.com,91793,21/05/2025
186,4,Brunilda,Rios,5,5167947944,9139798870,NW49 8JX,usuario186@gmail.com,16289,21/05/2025
187,2,Bruno,Rincn-Roldan,4,8527480010,3030144573,NW48 5MP,usuario187@gmail.com,79445,21/05/2025
188,4,Calista,Ricart,1,7075517284,9163439900,NW45 6ST,usuario188@gmail.com,65813,21/05/2025
189,2,Calisto,Ribes-Cases,1,6223363190,3970733292,NW41 9IZ,usuario189@gmail.com,50460,21/05/2025
190,3,Calixta,Ribes,4,2229699960,6642264272,NW41 6MG,usuario190@gmail.com,98393,21/05/2025
191,2,Calixto,Ribera,2,4662356895,730677723,NW31 7RM,usuario191@gmail.com,54039,21/05/2025
192,3,Calixto,Ribera,4,8838377446,5620979000,NW29 1SG,usuario192@gmail.com,62283,21/05/2025
193,4,Calixto,Ribas,1,7512991883,7649533982,NW19 5DQ,usuario193@gmail.com,76751,21/05/2025
194,2,Calixto,Riba,1,5472480929,8373231043,NW17 8IR,usuario194@gmail.com,28265,21/05/2025
195,3,Camila,Reyes-Bosch,5,3047474962,2312751649,NW16 9IB,usuario195@gmail.com,69449,21/05/2025
196,3,Candela,Rey,2,8595232659,8212702259,NW10 6DG,usuario196@gmail.com,59704,21/05/2025
197,2,Candelas,Revilla,5,3329570529,6390861079,NW01 6ER,usuario197@gmail.com,93982,21/05/2025
198,3,C?ndida,Revilla,1,8971563500,9781683648,NR38 3VK,usuario198@gmail.com,30965,21/05/2025
199,2,C?ndida,Revilla,5,7626020778,1843020610,New Port Richey FL 34653,usuario199@gmail.com,41157,21/05/2025
200,2,C?ndido,Requena-Barriga,1,4206953613,6113649411,Napanee ON K7R 6V1,usuario200@gmail.com,13487,21/05/2025
201,2,C?ndido,Reig,4,6485699908,7201515334,N85 7LD,usuario201@gmail.com,65764,21/05/2025
202,4,Carina,Reguera,1,5087287228,1033459717,N82 6DQ,usuario202@gmail.com,53588,21/05/2025
203,4,Carina,Redondo,5,2316521309,6812191972,N75 9BF,usuario203@gmail.com,30373,21/05/2025
204,2,Carina,Recio,5,4832074519,2218658672,N75 6DC,usuario204@gmail.com,37949,21/05/2025
205,3,Carla,Rebollo,3,2897003671,8102921892,N71 3MK,usuario205@gmail.com,54440,21/05/2025
206,4,Carla,Real-Tolosa,1,6124239632,2654881212,N69 4QH,usuario206@gmail.com,67552,21/05/2025
207,4,Carlos,Real,4,4957492224,1151191940,N59 6EV,usuario207@gmail.com,41199,21/05/2025
208,2,Carlota,Real,2,3940729687,5849580449,N47 9MT,usuario208@gmail.com,92947,21/05/2025
209,4,Carmelita,Real,3,5234954762,7672018541,N28 3JE,usuario209@gmail.com,78263,21/05/2025
210,2,Carmelita,Ramis,2,4569049920,7217471524,N12 0BH,usuario210@gmail.com,76178,21/05/2025
211,3,Carmelita,RamSegurarez,5,5796748764,7230400027,N10 2EQ,usuario211@gmail.com,54009,21/05/2025
212,3,Carmelo,Quintero,3,1824031255,8517542762,N05 7OW,usuario212@gmail.com,43674,21/05/2025
213,2,Carmen,Quintero,5,9295128388,419740978,N05 2BR,usuario213@gmail.com,38473,21/05/2025
214,2,Carmina,Quintanilla,5,3892330374,7525135832,Montebello CA 90640,usuario214@gmail.com,86779,21/05/2025
215,3,Carolina,Quevedo,3,9593510230,375184213,Modesto CA 95350,usuario215@gmail.com,82814,21/05/2025
216,4,Carolina,Querol,1,5399248640,1689287520,MK9 3EN,usuario216@gmail.com,71412,21/05/2025
217,2,Casandra,Quero,5,6438402110,1653025481,Mississauga ON L4T 3V7,usuario217@gmail.com,79297,21/05/2025
218,4,Casemiro,Pujol-Y?련z,2,7756147509,7826379964,Middleburg FL 32068,usuario218@gmail.com,26680,21/05/2025
219,3,Catalina,Pujol,2,1218217678,9027139957,Miami FL 33196,usuario219@gmail.com,80400,21/05/2025
220,3,Catalina,Puig,5,2867846079,9718683804,Miami FL 33193,usuario220@gmail.com,35882,21/05/2025
221,4,Catalina,Puga,1,7045404506,8664250122,Miami FL 33186,usuario221@gmail.com,26936,21/05/2025
222,3,Cayetano,Puerta,3,9155736130,7629206820,Miami FL 33183,usuario222@gmail.com,86418,21/05/2025
223,4,Cecilio,Prieto,1,6025134909,3236051458,Miami FL 33179,usuario223@gmail.com,30044,21/05/2025
224,4,Cecilio,Prieto,3,5974889687,3772277560,Miami FL 33177,usuario224@gmail.com,50122,21/05/2025
225,4,Celestina,Prieto,4,4647770337,8003908226,Miami FL 33176,usuario225@gmail.com,72713,21/05/2025
226,3,Celia,Prado-Infante,1,2737947308,102358960,Miami FL 33175,usuario226@gmail.com,34048,21/05/2025
227,2,Celia,Pozo,4,5369883146,1766794509,Miami FL 33173,usuario227@gmail.com,31454,21/05/2025
228,3,Celia,Pou,2,9955054712,7816348472,Miami FL 33172,usuario228@gmail.com,83574,21/05/2025
229,4,C?sar,Portero,4,5564081337,1292644240,Miami FL 33165,usuario229@gmail.com,39988,21/05/2025
230,2,Chus,Porras,5,2611229788,1974181494,Miami FL 33162,usuario230@gmail.com,99889,21/05/2025
231,4,Chus,Porcel,1,6563312241,5115018133,Miami FL 33161,usuario231@gmail.com,43744,21/05/2025
232,2,Chuy,Porcel,5,8637764096,458456339,Miami FL 33157,usuario232@gmail.com,12441,21/05/2025
233,3,Cintia,Pons,2,2135430739,3944742268,Miami FL 33155,usuario233@gmail.com,75989,21/05/2025
234,4,Ciraco,Pons,3,9980694809,2931765051,Miami FL 33142,usuario234@gmail.com,97299,21/05/2025
235,3,Ciro,Pons,3,8083550657,2789731097,Miami FL 33135,usuario235@gmail.com,14212,21/05/2025
236,2,Ciro,Ponce-Quintana,5,7834813719,6604206699,Miami FL 33134,usuario236@gmail.com,54329,21/05/2025
237,4,Clara,Ponce-Losada,1,7163418027,4331089149,Miami FL 33126,usuario237@gmail.com,85547,21/05/2025
238,2,Clarisa,Ponce,2,6000147031,8265280017,Miami FL 33125,usuario238@gmail.com,71721,21/05/2025
239,3,Claudia,Pombo,1,2823348441,1872784572,Miami Beach FL 33141,usuario239@gmail.com,72673,21/05/2025
240,4,Claudia,Pomares,1,1839067492,2413566967,Merced CA 95340,usuario240@gmail.com,45431,21/05/2025
241,3,Claudia,Pomares,3,9773298834,7818745094,Melbourne FL 32935,usuario241@gmail.com,30826,21/05/2025
242,2,Claudio,Polo,1,4899914617,1831424187,McAdam NB E6J 7T4,usuario242@gmail.com,89050,21/05/2025
243,2,Claudio,Polo,5,6223689179,1004378556,Manotick ON K4M 6S8,usuario243@gmail.com,89459,21/05/2025
244,2,Clemente,Pol,1,3130810997,2402537816,MANCHESTER,usuario244@gmail.com,42985,21/05/2025
245,2,Clemente,Planas,5,5502927960,716713641,Los Angeles CA 90066,usuario245@gmail.com,56742,21/05/2025
246,3,Clemente,Planas,5,6760325041,210797069,Los Angeles CA 90026,usuario246@gmail.com,32861,21/05/2025
247,4,Clementina,Pla,2,4239353197,7022667855,Los Angeles CA 90004,usuario247@gmail.com,10624,21/05/2025
248,2,Cleto,Pla,3,4563470815,8946353688,Los Angeles CA 90001,usuario248@gmail.com,98994,21/05/2025
249,3,Clotilde,Pla,2,4507860725,1151039656,Long Beach CA 90813,usuario249@gmail.com,85943,21/05/2025
250,3,Clotilde,Pla,2,4941087997,2087931267,Long Beach CA 90805,usuario250@gmail.com,56067,21/05/2025
251,2,Concepci잝,Piquer,5,4338395439,1125659806,London,usuario251@gmail.com,40617,21/05/2025
252,3,Concepci잝,Piquer,5,7127025635,2586070629,London,usuario252@gmail.com,40625,21/05/2025
253,2,Conrado,Pi련iro,4,4502806726,9264701466,London,usuario253@gmail.com,41420,21/05/2025
254,2,Consuela,Pintor,3,5917632901,371413392,London,usuario254@gmail.com,42659,21/05/2025
255,4,Cornelio,Pinto,3,7721431460,8529931788,London,usuario255@gmail.com,72439,21/05/2025
256,2,Corona,Pino,1,2560393383,5867283622,London,usuario256@gmail.com,40960,21/05/2025
257,2,Corona,Pi,3,8445165548,211144409,London,usuario257@gmail.com,99202,21/05/2025
258,4,Cristian,Pi,5,5405080172,1538016925,London,usuario258@gmail.com,27204,21/05/2025
259,3,Cristina,Pi,1,4445987991,6678019877,London,usuario259@gmail.com,58596,21/05/2025
260,4,Cristina,Perez,2,7366080628,2021365808,London,usuario260@gmail.com,49493,21/05/2025
261,4,Crist작al,Perez,4,2142274503,7132631946,London,usuario261@gmail.com,65423,21/05/2025
262,3,Cruz,Perell-Losada,4,1939885223,6783819600,London,usuario262@gmail.com,82492,21/05/2025
263,4,Cruz,Perell,1,1792549933,4655766455,London,usuario263@gmail.com,87229,21/05/2025
264,4,Curro,Pereira,4,2559116719,9297308880,London,usuario264@gmail.com,10361,21/05/2025
265,2,Curro,Perea,1,5253047529,5022461913,London,usuario265@gmail.com,52072,21/05/2025
266,2,Curro,Perea,1,1275609638,4904294525,London,usuario266@gmail.com,26298,21/05/2025
267,2,Dafne,Peral,4,6554928402,125837966,London,usuario267@gmail.com,46171,21/05/2025
268,3,Dafne,Pe려s,2,1308811119,4843917306,London,usuario268@gmail.com,57447,21/05/2025
269,4,Dalila,Pe려s,3,1160718901,8885963771,London,usuario269@gmail.com,70618,21/05/2025
270,3,Dalila,Pe려lver,4,6744462827,1302774052,London,usuario270@gmail.com,11588,21/05/2025
271,3,Dami?n,Pe려lver,1,9765200348,7571467218,London,usuario271@gmail.com,33350,21/05/2025
272,2,Dami?n,Pelayo,4,1152345576,3344436700,London,usuario272@gmail.com,87351,21/05/2025
273,2,Dami?n,Peinado-Morales,4,7668906337,8491248186,London,usuario273@gmail.com,28861,21/05/2025
274,4,Dani,Peinado,4,9075335381,4576534060,London,usuario274@gmail.com,14607,21/05/2025
275,3,Daniela,Pedrero,1,5614758134,9704661528,London,usuario275@gmail.com,79756,21/05/2025
276,4,Daniela,Pedrero,1,3961517321,4068001339,London,usuario276@gmail.com,74224,21/05/2025
277,2,Danilo,Pedraza,2,7182584406,2007954142,London,usuario277@gmail.com,64370,21/05/2025
278,2,Danilo,Paz,2,5342066848,2357512290,London,usuario278@gmail.com,62864,21/05/2025
279,4,Daro,Pavn,3,4358399346,2149450278,London,usuario279@gmail.com,64038,21/05/2025
280,2,Daro,Pati렲,3,9498579487,9350190041,London,usuario280@gmail.com,13824,21/05/2025
281,2,David,Pati렲,3,6496118298,7176506600,London,usuario281@gmail.com,10097,21/05/2025
282,4,Delfina,Parra,3,2864162905,1712835710,London,usuario282@gmail.com,45802,21/05/2025
283,3,Demetrio,Parejo,5,7580686759,7027425473,London,usuario283@gmail.com,95671,21/05/2025
284,4,Desiderio,Pareja,5,2370337051,1120574764,London,usuario284@gmail.com,71405,21/05/2025
285,4,Desiderio,Paredes-Fajardo,2,7283813426,9331174859,London,usuario285@gmail.com,56022,21/05/2025
286,4,Dimas,Paredes,4,6166066865,8526701960,London,usuario286@gmail.com,83035,21/05/2025
287,2,Dimas,Paredes,4,3555577407,3965583390,London,usuario287@gmail.com,91968,21/05/2025
288,3,Dionisia,Pardo-Nu련z,1,7135700528,5104370184,London,usuario288@gmail.com,51945,21/05/2025
289,4,Dominga,Pardo,4,6296371581,361672222,London,usuario289@gmail.com,46207,21/05/2025
290,2,Donato,Paniagua-Ant?nez,4,5608921882,2509246049,London,usuario290@gmail.com,69230,21/05/2025
291,2,Dora,Paniagua,3,9364109698,9008604270,London,usuario291@gmail.com,40806,21/05/2025
292,2,Dorotea,Palomo,4,4650980186,7001622600,London,usuario292@gmail.com,85705,21/05/2025
293,2,Duilio,Palomo,1,1554288407,305480119,London,usuario293@gmail.com,14855,21/05/2025
294,2,Dulce,Palomino,4,1582191488,2454624376,London,usuario294@gmail.com,89055,21/05/2025
295,4,Edelmira,Palomino,1,2012656080,5980073762,London,usuario295@gmail.com,87953,21/05/2025
296,3,Edelmira,Palomares,3,1495332697,3549697331,London,usuario296@gmail.com,59736,21/05/2025
297,3,Edelmiro,Palomares,2,9450409507,6632552764,London,usuario297@gmail.com,25399,21/05/2025
298,3,낛gar,Palau,1,8672924659,4956145489,London,usuario298@gmail.com,63283,21/05/2025
299,4,Edmundo,Palacios,5,6256540893,2846829159,London,usuario299@gmail.com,96203,21/05/2025
300,3,Efran,Pag?s,1,8028252869,1377576251,London,usuario300@gmail.com,66971,21/05/2025
301,4,Eladio,Otero,4,1866591229,6568691723,London,usuario301@gmail.com,15107,21/05/2025
302,4,Eladio,Osuna,1,3397770949,4437521625,London,usuario302@gmail.com,29910,21/05/2025
303,3,Elena,Osorio,4,7046675506,1271060171,London,usuario303@gmail.com,13913,21/05/2025
304,2,Elena,Ortu렲,2,7088223686,8756228561,London,usuario304@gmail.com,53265,21/05/2025
305,3,Elena,Ortega-Giner,2,3815295839,8225097389,London,usuario305@gmail.com,31562,21/05/2025
306,3,Elena,Olmo,4,9622969532,5066476567,London,usuario306@gmail.com,16785,21/05/2025
307,4,Eli,Olmedo,1,7443870970,8095968341,London,usuario307@gmail.com,78359,21/05/2025
308,3,Eli,Oller,2,7655154299,7710616871,London,usuario308@gmail.com,61408,21/05/2025
309,4,Eliana,Oliveras-M?rmol,3,1949144595,344683305,London,usuario309@gmail.com,78586,21/05/2025
310,4,Eliana,Olivera,2,2680943536,8265197366,London,usuario310@gmail.com,78860,21/05/2025
311,3,Elas,Olivera,2,7161129880,1415467282,London,usuario311@gmail.com,46726,21/05/2025
312,2,Elas,Ochoa,4,9505629696,3171443781,London,usuario312@gmail.com,38731,21/05/2025
313,4,Eligia,Ochoa,2,1452364975,3654374227,London,usuario313@gmail.com,88187,21/05/2025
314,3,Eligio,Ochoa,4,2253677331,2761529243,London,usuario314@gmail.com,59507,21/05/2025
315,4,Elisa,Ochoa,5,8569318616,147780408,London,usuario315@gmail.com,59018,21/05/2025
316,3,Elodia,Oca려,3,1572342122,255194641,London,usuario316@gmail.com,59662,21/05/2025
317,3,Elosa,Oca려,3,1374553093,3304439496,London,usuario317@gmail.com,25004,21/05/2025
318,4,Elpidio,Nu련z,3,2242757275,119901450,London,usuario318@gmail.com,49992,21/05/2025
319,2,Elpidio,Nu련z,5,3018634643,3342004536,London,usuario319@gmail.com,16123,21/05/2025
320,2,Elvira,Nu련z,3,7451176101,4895597298,London,usuario320@gmail.com,28338,21/05/2025
321,2,Elvira,Nu련z,2,3617837868,3107734927,London,usuario321@gmail.com,47666,21/05/2025
322,4,Elvira,Novoa,4,6228938756,6517236480,London,usuario322@gmail.com,81725,21/05/2025
323,2,Ema,Nogu?s,1,8002318617,5156139058,London,usuario323@gmail.com,49245,21/05/2025
324,2,Ema,Ni렲,5,4246296459,5703583403,London,usuario324@gmail.com,97939,21/05/2025
325,2,Emelina,Ni렲,4,2012547015,8794633679,London,usuario325@gmail.com,85902,21/05/2025
326,3,Emilia,Nieto,4,8841430533,3236137794,London,usuario326@gmail.com,11046,21/05/2025
327,2,Emilia,Nieto,1,9093476281,9016990272,London,usuario327@gmail.com,59171,21/05/2025
328,4,Emilia,Nicolau,1,9429133494,2076758885,London,usuario328@gmail.com,66784,21/05/2025
329,3,Emilia,Nevado,4,8255750373,7240621409,London,usuario329@gmail.com,44602,21/05/2025
330,4,Emiliana,Nevado,1,8813786400,7899786078,London,usuario330@gmail.com,18263,21/05/2025
331,4,Emiliano,Nevado,4,1259676657,6451535408,London,usuario331@gmail.com,37965,21/05/2025
332,4,Emiliano,Nevado,3,6638313008,1365320430,London,usuario332@gmail.com,44719,21/05/2025
333,3,Emma,Naranjo,2,7551514301,6481246239,London,usuario333@gmail.com,16360,21/05/2025
334,2,Emperatriz,Nadal-Campo,2,9277474096,866768369,London,usuario334@gmail.com,66400,21/05/2025
335,2,Emperatriz,Nadal,3,9022799864,1537913021,London,usuario335@gmail.com,31113,21/05/2025
336,2,Encarnacion,Nadal,5,1080271358,4391889218,London,usuario336@gmail.com,62250,21/05/2025
337,3,Encarnacion,Muro,2,7652513322,9430047414,London,usuario337@gmail.com,97683,21/05/2025
338,2,Encarnacion,Mur,3,3546376217,8404979299,London,usuario338@gmail.com,89326,21/05/2025
339,2,Encarnaci잝,M?렬z,1,7515658397,4514802098,London,usuario339@gmail.com,22884,21/05/2025
340,2,Encarnaci잝,M?렬z,2,2867113746,6423134697,London,usuario340@gmail.com,51129,21/05/2025
341,2,Encarnaci잝,Mulet,5,9641834053,9014487478,London,usuario341@gmail.com,14767,21/05/2025
342,4,Enrique,Morera-Lago,1,8139733647,720443138,London,usuario342@gmail.com,53608,21/05/2025
343,2,Erasmo,Morera,4,9952812720,8919695434,London,usuario343@gmail.com,88265,21/05/2025
344,3,Erasmo,Morera,3,8463873458,1609521233,London,usuario344@gmail.com,61512,21/05/2025
345,3,Ernesto,Morell-Oliver,3,6408135794,9847735701,Lockport MB R1B 5H9,usuario345@gmail.com,97567,21/05/2025
346,3,Esmeralda,Morcillo-Calvo,1,3651441370,3940895784,Lloydminster SK S9V 5V1,usuario346@gmail.com,87051,21/05/2025
347,4,Espiridi잝,Morcillo,1,1078881863,9587223925,LLANDRINDOD WELLS,usuario347@gmail.com,75313,21/05/2025
348,4,Espiridi잝,Morante-Portero,4,4627586100,6480845535,Leesburg FL 34748,usuario348@gmail.com,88129,21/05/2025
349,3,Esteban,Morante,2,2373090442,2771688612,Leduc AB T9E 6E1,usuario349@gmail.com,31828,21/05/2025
350,2,Esteban,Morante,2,6740140395,4438369800,Leamington ON N8H 0N3,usuario350@gmail.com,18196,21/05/2025
351,3,Esteban,Mor?n,3,3020633288,9058192876,LE96 5AZ,usuario351@gmail.com,88471,21/05/2025
352,3,Esteban,Morales,2,7705416671,6841152761,Le Fjord QC G0T 3E3,usuario352@gmail.com,99257,21/05/2025
353,4,Estefana,Moraleda,1,5607981376,7415728046,Laurentides Sud QC J0V 3M7,usuario353@gmail.com,23071,21/05/2025
354,3,Estela,Mora,4,4672049784,9421991155,Lanaudi?re Nord QC J0K 8T8,usuario354@gmail.com,34231,21/05/2025
355,2,Estela,Montesinos,2,9041912833,6398861076,Lakeland FL 33813,usuario355@gmail.com,84839,21/05/2025
356,4,Estela,Montes,3,8194548989,2347671511,Lakeland FL 33801,usuario356@gmail.com,67988,21/05/2025
357,3,Ester,Montes,1,2988225932,3034749407,Lake Worth FL 33467,usuario357@gmail.com,88720,21/05/2025
358,2,Ester,Montero,1,7613079675,8986503067,Lake Worth FL 33463,usuario358@gmail.com,52770,21/05/2025
359,2,Estrella,Monta려,3,2747047680,6239027754,Lake Worth FL 33460,usuario359@gmail.com,45819,21/05/2025
360,2,Etelvina,Montalb?n,1,7753995218,787859193,Lake Wales FL 33853,usuario360@gmail.com,34766,21/05/2025
361,4,Eugenio,Monreal,3,8519539875,7952209127,Lacombe AB T4L 0S1,usuario361@gmail.com,39570,21/05/2025
362,2,Eugenio,Molins,1,3927816742,9946337261,Lac Megantic QC G6B 4L9,usuario362@gmail.com,82632,21/05/2025
363,2,Eusebia,Moliner,3,4808270467,4764416618,Lachute QC J8H 9V1,usuario363@gmail.com,43523,21/05/2025
364,4,Eusebio,Molina,5,6657575364,464545026,Labrador City LB A2V 8L0,usuario364@gmail.com,42970,21/05/2025
365,2,Eusebio,Moles-Verd?,5,8891813689,1945164496,La Sarre QC J9Z 2V9,usuario365@gmail.com,67966,21/05/2025
366,3,Eustaquio,Mir,5,9301797334,6116425284,La Plaine QC J7M 5N3,usuario366@gmail.com,44709,21/05/2025
367,2,Eustaquio,Mir,5,6594106473,5871797348,La Habra CA 90631,usuario367@gmail.com,29244,21/05/2025
368,2,Eutimio,MSeguranguez,5,3839518800,8898495334,L52 8LM,usuario368@gmail.com,90056,21/05/2025
369,3,Eutimio,MSeguranguez,5,5010025316,2975810553,Kissimmee FL 34741,usuario369@gmail.com,11296,21/05/2025
370,4,Eutropio,Mill?n,4,4936711493,6735788019,Kings County NS B0P 9R3,usuario370@gmail.com,28469,21/05/2025
371,4,Eva,Milla-Martorell,5,3059054114,7811936876,Kimberley BC V1A 5S2,usuario371@gmail.com,76136,21/05/2025
372,2,Eva,Miguel,3,4821595322,2691544347,Key West FL 33040,usuario372@gmail.com,50887,21/05/2025
373,3,Eva,Mesa,4,7593194610,1923075555,Kanata ON K2K 4A8,usuario373@gmail.com,23676,21/05/2025
374,2,Evangelina,Men?ndez,4,9855211291,3119404640,KA97 3AD,usuario374@gmail.com,50121,21/05/2025
375,4,Evangelina,Men?ndez,1,6732436839,8560846514,Jupiter FL 33458,usuario375@gmail.com,72435,21/05/2025
376,2,Evangelina,Mendiz?bal-Tejera,1,7562781758,4301214574,Jacksonville FL 32257,usuario376@gmail.com,75091,21/05/2025
377,3,Evaristo,Mendiz?bal,5,1303742028,7966392613,Jacksonville FL 32246,usuario377@gmail.com,98741,21/05/2025
378,2,Evita,Mendiz?bal,5,9189289755,5329206037,Jacksonville FL 32244,usuario378@gmail.com,41799,21/05/2025
379,2,Fabi?n,Mendiz?bal,2,7694466080,6972338954,Jacksonville FL 32225,usuario379@gmail.com,85915,21/05/2025
380,3,Fabio,M?ndez,4,3403171314,2439719815,Jacksonville FL 32224,usuario380@gmail.com,62423,21/05/2025
381,2,Fabio,M?ndez,2,1220027363,2913458061,Jacksonville FL 32211,usuario381@gmail.com,22338,21/05/2025
382,2,Fanny,Mena,5,4194646809,4487326477,Jacksonville FL 32209,usuario382@gmail.com,65570,21/05/2025
383,2,F?tima,Melero,4,3908710988,1669282102,Jacksonville FL 32208,usuario383@gmail.com,60330,21/05/2025
384,4,F?tima,Mel?ndez,4,3072859497,8150990189,Jacksonville FL 32207,usuario384@gmail.com,43483,21/05/2025
385,3,Fausto,Mel?ndez,2,4777103082,6934019773,Jacksonville FL 32205,usuario385@gmail.com,28050,21/05/2025
386,4,Febe,Mel?ndez,3,4631798495,409664312,Innisfail AB T4G 7N5,usuario386@gmail.com,94619,21/05/2025
387,3,Federico,Mayoral,4,4242763605,8989816759,les Laval QC H7Y 1X2,usuario387@gmail.com,48012,21/05/2025
388,2,Federico,Mayol,2,3475520505,9960569928,Huntsville ON P1H 2C9,usuario388@gmail.com,46858,21/05/2025
389,4,Felicia,Mayol,3,1428217092,5892014191,Huntington Park CA 90255,usuario389@gmail.com,35579,21/05/2025
390,2,Felicia,Matas,3,4564078569,9483246508,HU74 4ER,usuario390@gmail.com,25374,21/05/2025
391,3,Feliciana,Mascar-Borrell,4,9551670637,5088743529,Homestead FL 33033,usuario391@gmail.com,45442,21/05/2025
392,2,Felicidad,Mascar,4,9064591534,4863411512,Hollywood FL 33029,usuario392@gmail.com,32084,21/05/2025
393,3,Felicidad,MartSeguranez,3,6136030129,2459495560,Hollywood FL 33025,usuario393@gmail.com,12982,21/05/2025
394,3,Felicidad,Martinez,5,9596196879,5220476133,Hollywood FL 33024,usuario394@gmail.com,98512,21/05/2025
395,3,Felipe,Martinez,2,1164856793,4859509114,Hollywood FL 33023,usuario395@gmail.com,70071,21/05/2025
396,4,Felisa,MartSeguran,3,8558292965,9772724058,Hollywood FL 33021,usuario396@gmail.com,57476,21/05/2025
397,3,Felix,MartSegura,5,1270330936,5827989091,Highlands BC V9B 9L3,usuario397@gmail.com,22946,21/05/2025
398,2,F?lix,Marti,3,6792294443,5091986546,Hialeah FL 33018,usuario398@gmail.com,61924,21/05/2025
399,4,Fernanda,Marqu?s,4,5997286860,6139605204,Hialeah FL 33015,usuario399@gmail.com,45206,21/05/2025
400,4,Fernanda,Marqu?s,4,2104746824,9961904305,Hialeah FL 33014,usuario400@gmail.com,82093,21/05/2025
401,4,Fernando,M?rmol,5,3431267922,3466789304,Hialeah FL 33013,usuario401@gmail.com,32832,21/05/2025
402,2,Filomena,M?rmol,1,5438752588,4197320892,Hialeah FL 33012,usuario402@gmail.com,44860,21/05/2025
403,2,Filomena,Mariscal,1,9154216313,7779356247,Hialeah FL 33010,usuario403@gmail.com,14246,21/05/2025
404,2,Florencia,Mariscal,1,1316835991,8042974894,HD3 3KR,usuario404@gmail.com,62324,21/05/2025
405,3,Florencio,Mari렲,4,2842648380,9050047686,Hanover ON N4N 0G1,usuario405@gmail.com,30365,21/05/2025
406,3,Florentina,Mari렲,3,9806064239,5002700264,Hampton NB E5N 2B1,usuario406@gmail.com,59409,21/05/2025
407,2,Florinda,Mari렲,4,3639360213,5180566246,Hallandale FL 33009,usuario407@gmail.com,71269,21/05/2025
408,2,Florinda,MarSeguran,5,8782639610,8923824211,HA62 8DU,usuario408@gmail.com,62799,21/05/2025
409,3,Fortunata,Marin,3,7089951931,7273648216,GUILDFORD,usuario409@gmail.com,61430,21/05/2025
410,2,Fortunata,Marin,1,6661358118,4144424404,Grimsby ON L3M 5X9,usuario410@gmail.com,93564,21/05/2025
411,3,Francisco,MarSegura,3,5906303192,7088046553,Greely ON K4P 4T2,usuario411@gmail.com,76481,21/05/2025
412,4,Gabino,Marco,2,7199415663,2108046044,Grande Anse NB E8N 7C1,usuario412@gmail.com,19682,21/05/2025
413,3,Gabino,Marco,2,3032905357,7211602992,Grand Manan Island NB E5G 6V4,usuario413@gmail.com,75778,21/05/2025
414,3,Gabriela,Marco,2,9047901172,5977242253,Grand Falls LB A2A 2C6,usuario414@gmail.com,17148,21/05/2025
415,3,Gala,Manzano,1,2884482488,9686402183,Georgetown ON L7G 9Y7,usuario415@gmail.com,39712,21/05/2025
416,4,Gala,Manzanares,1,9920834672,9783855591,Gainesville FL 32608,usuario416@gmail.com,65743,21/05/2025
417,4,Gast잝,Manzanares,2,8203985841,6902207217,Fort Saskatchewan AB T8L 4M9,usuario417@gmail.com,82811,21/05/2025
418,2,Gast잝,Manzanares,2,5928206009,9536209319,Fort Myers FL 33912,usuario418@gmail.com,49758,21/05/2025
419,4,Georgina,Manso,5,5412047246,3697416489,Fort Lauderdale FL 33351,usuario419@gmail.com,70298,21/05/2025
420,4,Gerardo,Manjn,5,3098570222,4530188761,Fort Lauderdale FL 33334,usuario420@gmail.com,43033,21/05/2025
421,2,Gerardo,Mancebo,5,4739214863,9438351776,Fort Lauderdale FL 33322,usuario421@gmail.com,41855,21/05/2025
422,2,Ger잝imo,Malo,5,2457000104,8437522447,Fort Lauderdale FL 33321,usuario422@gmail.com,52509,21/05/2025
423,2,Gervasio,Maestre,4,9362305827,9820873253,Fort Lauderdale FL 33319,usuario423@gmail.com,58926,21/05/2025
424,2,Gilberto,Madrigal,3,6328992374,1011143241,Fort Lauderdale FL 33317,usuario424@gmail.com,87806,21/05/2025
425,4,Gisela,Madrigal,2,9795667082,3463627226,Fort Lauderdale FL 33313,usuario425@gmail.com,18567,21/05/2025
426,3,Glauco,Madrigal,4,1131743327,2209984303,Fort Lauderdale FL 33312,usuario426@gmail.com,14808,21/05/2025
427,2,Gloria,MacSeguraas,2,4787220058,5667004101,Fort Lauderdale FL 33311,usuario427@gmail.com,79933,21/05/2025
428,2,Gloria,Macias,1,3911747351,9319953508,Fort Lauderdale FL 33309,usuario428@gmail.com,58788,21/05/2025
429,2,Gonzalo,Lumbreras,1,1750749630,2331493537,Fontana CA 92336,usuario429@gmail.com,46629,21/05/2025
430,2,Gonzalo,LuSeguras-Bernat,4,5387938479,3094025426,Folsom CA 95630,usuario430@gmail.com,98745,21/05/2025
431,4,Goyo,LuSeguras,1,7523485420,4433885968,Farnham QC J2N 4J1,usuario431@gmail.com,33333,21/05/2025
432,3,Gracia,Lozano,1,1411802453,6181922328,Fairfield CA 94533,usuario432@gmail.com,62254,21/05/2025
433,2,Gracia,Lozano,4,5095015838,6632184867,Essex ON N0R 2G6,usuario433@gmail.com,32427,21/05/2025
434,3,Graciana,Losada,5,1529651467,1728016304,Esquimalt BC V9A 7T3,usuario434@gmail.com,10128,21/05/2025
435,2,Gregorio,Losa,2,2550879247,6242462276,Eskasoni NS B1W 1S9,usuario435@gmail.com,25579,21/05/2025
436,3,Gregorio,Lpez,3,5136110832,6173748846,Enfield NS B2T 5S6,usuario436@gmail.com,77791,21/05/2025
437,4,Gregorio,Lpez,1,4692656635,2262859688,EC85 9TN,usuario437@gmail.com,81026,21/05/2025
438,4,Guiomar,Lopez,1,4312492734,6265899574,EC74 0XB,usuario438@gmail.com,92850,21/05/2025
439,3,Guiomar,Lobo-Haro,3,7138409984,7706063428,EC70 8TD,usuario439@gmail.com,38908,21/05/2025
440,3,Guiomar,Lobato-Mena,3,7517298427,7920720086,EC65 7IP,usuario440@gmail.com,75680,21/05/2025
441,4,Gustavo,Lobato,3,6074703977,9604309726,EC64 1KL,usuario441@gmail.com,29932,21/05/2025
442,4,Haroldo,Lluch,2,1669183445,7802715251,EC36 4JR,usuario442@gmail.com,76095,21/05/2025
443,4,H?ctor,Llorens,2,5247926045,5280363772,EC18 9MF,usuario443@gmail.com,66869,21/05/2025
444,3,H?ctor,Llorens,3,4864789438,675692261,EC17 3MA,usuario444@gmail.com,51483,21/05/2025
445,3,Heliodoro,Llopis,3,1534911032,7653527600,EC06 3FQ,usuario445@gmail.com,24454,21/05/2025
446,4,Hermenegildo,Llopis,3,5364972661,8093178352,EC01 3ZX,usuario446@gmail.com,22396,21/05/2025
447,4,Herminia,Lled,5,7924794785,9188610435,E98 4TE,usuario447@gmail.com,73305,21/05/2025
448,4,Herminia,Lled,4,7229229716,4010447642,E75 8HS,usuario448@gmail.com,16272,21/05/2025
449,2,Herminio,Llamas,4,2833725034,7983882895,E64 5WK,usuario449@gmail.com,57164,21/05/2025
450,2,Hern?n,Llamas,5,1625336297,3994480729,E61 2JK,usuario450@gmail.com,25603,21/05/2025
451,3,Hernando,Llad,5,4575280608,4604821653,E21 5SK,usuario451@gmail.com,14677,21/05/2025
452,4,Hernando,Llad,1,3427956720,9782235635,E03 6OB,usuario452@gmail.com,50464,21/05/2025
453,2,Hernando,Llad,4,1579580860,6561030292,Duvernay Est QC H7A 4A9,usuario453@gmail.com,47647,21/05/2025
454,3,Hilda,Llad,1,8886134752,1285335363,Dunnville ON N1A 2R5,usuario454@gmail.com,78476,21/05/2025
455,2,Horacio,Llabr?s-Rebollo,4,7271679065,2361401132,Dunedin FL 34698,usuario455@gmail.com,76626,21/05/2025
456,4,Horacio,Llabr?s,2,2487798873,8321555826,DUNDEE,usuario456@gmail.com,32531,21/05/2025
457,2,Hugo,Llabr?s,5,3465251374,5478894624,DUMFRIES,usuario457@gmail.com,94451,21/05/2025
458,3,Hugo,Llabr?s,1,1570765549,1371521315,DUDLEY,usuario458@gmail.com,12503,21/05/2025
459,3,Humberto,Lerma,4,8472570130,3308166884,Dorchester NB E4K 6V5,usuario459@gmail.com,58001,21/05/2025
460,2,Ib?n,Ledesma,1,5773094272,9989008247,Donnacona QC G3M 1C3,usuario460@gmail.com,77790,21/05/2025
461,2,Ignacio,Leal,1,3705692818,4552087546,DONCASTER,usuario461@gmail.com,95399,21/05/2025
462,3,Ignacio,Lastra-Cuervo,3,2888025344,9686994508,Digby Neck NS B0V 8H6,usuario462@gmail.com,26092,21/05/2025
463,3,Ildefonso,Lastra,4,2053572440,8823770742,DH29 2KQ,usuario463@gmail.com,33732,21/05/2025
464,4,Ildefonso,Lasa,5,8452146485,5547884114,Deltona FL 32738,usuario464@gmail.com,33132,21/05/2025
465,2,Ildefonso,Lasa,3,9672449907,8259288044,Deltona FL 32725,usuario465@gmail.com,68840,21/05/2025
466,4,Ileana,Larrea,4,8076011697,9001162285,Delhi ON N4B 2V1,usuario466@gmail.com,60452,21/05/2025
467,2,Imelda,Larra려ga,5,1680573099,5706739147,Daytona Beach FL 32119,usuario467@gmail.com,34920,21/05/2025
468,4,In?s,Larra려ga,5,8822930744,902885952,Daytona Beach FL 32114,usuario468@gmail.com,24146,21/05/2025
469,3,In?s,Lara,3,9800761277,3077153948,Daly City CA 94015,usuario469@gmail.com,15292,21/05/2025
470,4,In?s,Lara,2,5697121483,5441165418,CT76 6OB,usuario470@gmail.com,10198,21/05/2025
471,3,Inmaculada,Lara,2,4687136952,8224552093,CREWE,usuario471@gmail.com,91289,21/05/2025
472,3,?렬go,Lamas,1,3647140080,3435575636,Cowansville QC J2K 8Y0,usuario472@gmail.com,94183,21/05/2025
473,3,Irene,Lamas,5,6994943769,2313815454,COVENTRY,usuario473@gmail.com,87067,21/05/2025
474,4,Iris,Lamas,5,6541206555,3726020580,Costa Mesa CA 92627,usuario474@gmail.com,79048,21/05/2025
475,4,Isa,Laguna-Bas,4,4062412283,731936382,Coldbrook NS B4R 8S2,usuario475@gmail.com,16423,21/05/2025
476,2,Isa,Lago,2,6344661284,4224170178,Cochrane AB T4C 6R2,usuario476@gmail.com,80057,21/05/2025
477,4,Isaac,Lago,4,2336210644,9773759256,Cobourg ON K9A 5G0,usuario477@gmail.com,41403,21/05/2025
478,4,Isaac,Jurado-Mata,3,9192599143,5913906408,Clermont FL 34711,usuario478@gmail.com,25525,21/05/2025
479,2,Isaac,Jurado,5,2595727681,4227765377,Chestermere AB T1X 8K6,usuario479@gmail.com,74933,21/05/2025
480,4,Isaac,Jurado,2,9014693224,6115277806,CHESTER,usuario480@gmail.com,54252,21/05/2025
481,3,Isaac,Juli?,1,8368371701,824587639,Chelsea QC J9B 5K1,usuario481@gmail.com,63669,21/05/2025
482,3,Isabel,Juan,4,9389815959,1692850253,CHELMSFORD,usuario482@gmail.com,83316,21/05/2025
483,3,Isabela,Juan,1,9880954246,955161846,Chatham QC J8G 7X7,usuario483@gmail.com,93908,21/05/2025
484,3,Isabela,Jove-Ropero,1,2783724616,3483699119,Charny QC G6X 9G6,usuario484@gmail.com,65844,21/05/2025
485,3,Isaura,Jover-Mendoza,1,5273062267,3236390584,Casselberry FL 32707,usuario485@gmail.com,42859,21/05/2025
486,3,Isaura,Jover,1,8429808626,6277907210,Cap Rouge QC G1Y 7T2,usuario486@gmail.com,64831,21/05/2025
487,4,Isidora,Jover,1,2105983391,1491696887,Cape Coral FL 33904,usuario487@gmail.com,40153,21/05/2025
488,4,Isidoro,Jove,3,1816936310,1986254116,Caledon ON L7C 9T6,usuario488@gmail.com,15989,21/05/2025
489,2,Isidro,Jove,3,1657414895,3839978259,CA46 0YA,usuario489@gmail.com,81397,21/05/2025
490,3,Itziar,Jord?n,2,2953069797,7165176731,Buena Vista SK S2V 1L1,usuario490@gmail.com,66954,21/05/2025
491,3,Iv?n,Jord?,5,9415655775,4978985875,Brandon FL 33511,usuario491@gmail.com,39864,21/05/2025
492,4,Jacinta,Jim?nez-Galvez,3,2340093572,7545995421,Bradenton FL 34205,usuario492@gmail.com,97109,21/05/2025
493,4,Jacinta,Jim?nez,5,3121311497,9122930305,Boynton Beach FL 33436,usuario493@gmail.com,72668,21/05/2025
494,2,Jaime,Jimenez,2,9552354931,7072417761,Boynton Beach FL 33435,usuario494@gmail.com,17207,21/05/2025
495,4,Javier,Izquierdo,2,4166120066,1702650079,Bouctouche NB E4S 8M3,usuario495@gmail.com,51915,21/05/2025
496,4,Javier,Izaguirre-Coll,3,1208069182,9229543287,Boucherville QC J4B 9T3,usuario496@gmail.com,86515,21/05/2025
497,3,Javiera,Izaguirre,3,8977639452,2800577472,Bonnyville AB T9N 2P9,usuario497@gmail.com,76241,21/05/2025
498,2,Jenny,Izaguirre,5,7088978285,152002010,Boiestown NB E6A 0J5,usuario498@gmail.com,13793,21/05/2025
499,2,Jer잝imo,Isern,1,1062800542,1274047574,Boca Raton FL 33433,usuario499@gmail.com,73729,21/05/2025
500,2,Jer잝imo,I렬guez,2,3284200365,8458517551,Boca Raton FL 33428,usuario500@gmail.com,11407,21/05/2025
501,3,Jes?s,Infante-Cabanillas,5,8715709992,5256466751,BN0 6LJ,usuario501@gmail.com,64126,21/05/2025
502,4,Jesusa,Iglesia,4,4149418524,8495514804,Black Lake QC G6H 5M3,usuario502@gmail.com,18838,21/05/2025
503,2,Jesusa,Iborra,1,5293623034,7892042418,BIRMINGHAM,usuario503@gmail.com,26260,21/05/2025
504,4,Joan,Iborra,3,9943959148,258141271,Belledune NB E8G 4R8,usuario504@gmail.com,74351,21/05/2025
505,3,Joan,Ib?련z,2,6061961026,1834059617,BD84 2HP,usuario505@gmail.com,52270,21/05/2025
506,2,Joan,Iba련z,5,8402753927,3264469728,BB91 5XM,usuario506@gmail.com,40419,21/05/2025
507,3,Joel,Huertas,4,6837246238,8103510966,Bass River NB E4T 4R0,usuario507@gmail.com,83411,21/05/2025
508,2,Jonatan,Huerta,1,5477872900,9382367539,Arcadia FL 34266,usuario508@gmail.com,20066,21/05/2025
509,4,Jonatan,Hoz,4,2047523409,6582774295,Apohaqui NB E5P 9G5,usuario509@gmail.com,62922,21/05/2025
510,2,Jonatan,Hoyos,4,4504782948,4805844777,Anaheim CA 92801,usuario510@gmail.com,10849,21/05/2025
511,2,Jordana,Higueras,3,4252265376,6449994170,Amqui QC G5J 8E3,usuario511@gmail.com,53915,21/05/2025
512,2,Jordi,Higueras,3,8900092927,7561757687,Altamonte Springs FL 32714,usuario512@gmail.com,17104,21/05/2025
513,3,Jordi,Higueras,3,2275919799,1360257638,Alameda CA 94501,usuario513@gmail.com,35111,21/05/2025
514,2,Jorge,Hierro,2,8719080209,6751413446,Acton ON L7J 3T8,usuario514@gmail.com,30001,21/05/2025
515,2,Jose,Hidalgo,3,6468185011,8068745183,9983 Woodside Street,usuario515@gmail.com,43276,21/05/2025
516,4,Jose,Hidalgo,3,9461350549,4137768990,9910 Essex St,usuario516@gmail.com,43234,21/05/2025
517,3,Jose,Hervia,1,8278007147,9148689962,9893 W Vale Ave,usuario517@gmail.com,86704,21/05/2025
518,2,Jose,Herrero-Canet,3,2617110491,8331334803,9834 Pennington Ave,usuario518@gmail.com,40454,21/05/2025
519,4,Jose,Herrera,1,6571981706,4133375959,9809 Gates Street,usuario519@gmail.com,92288,21/05/2025
520,3,Jose,Herrera,3,5853204926,3408231136,9799 E Pumpkin Hill Lane,usuario520@gmail.com,96996,21/05/2025
521,2,Jose,Herrera,5,5313996921,1394969931,9783 Poplar Street,usuario521@gmail.com,78555,21/05/2025
522,3,Jose,Hernando,4,7977597088,969028321,9754 Brookside Street,usuario522@gmail.com,93858,21/05/2025
523,3,Jose,Hernandez,5,3187916698,3941901227,9752 Blackburn Dr,usuario523@gmail.com,97435,21/05/2025
524,2,Jos?,Hernandez,2,6113393191,8395879410,972 Stillwater St,usuario524@gmail.com,36132,21/05/2025
525,3,Jos?,Heredia,4,9117600388,8810872018,970 Myers Street,usuario525@gmail.com,82807,21/05/2025
526,4,Jos?,Heredia,3,5664418956,8425996861,9690 Princess Ave,usuario526@gmail.com,71185,21/05/2025
527,3,Jos?,Heras,4,7345786794,726656439,9661 Aspen St,usuario527@gmail.com,98054,21/05/2025
528,4,Jos?,Haro,4,6343689079,5036346915,9656 Beaver Ridge St,usuario528@gmail.com,75161,21/05/2025
529,4,Jos?,Guzman,2,9229132176,9031160136,9618 Lower River St,usuario529@gmail.com,36592,21/05/2025
530,3,Jos?,Guzman,3,9238831675,1827047662,96 The Green,usuario530@gmail.com,29046,21/05/2025
531,2,Jos?,Guti?rrez,3,7515250568,7040714765,96 The Avenue,usuario531@gmail.com,43270,21/05/2025
532,4,Jos?,Guitart,1,5827293264,7293677086,9589 Thorne Ave,usuario532@gmail.com,82852,21/05/2025
533,2,Josefina,Guerrero,1,8836562451,7596899377,9586 Sycamore Dr,usuario533@gmail.com,26238,21/05/2025
534,2,Josep,Guerra,2,3394899696,9243414996,957 South Arcadia Street,usuario534@gmail.com,59426,21/05/2025
535,4,Josu?,Guardiola,3,2578779878,8459828575,9555 Purple Finch Dr,usuario535@gmail.com,39933,21/05/2025
536,3,Josu?,Guardiola,5,3006454379,3802779880,954 S Nichols Rd,usuario536@gmail.com,31720,21/05/2025
537,2,Juan,Guardia,2,7192368551,9144992744,9538 South Wall St,usuario537@gmail.com,14008,21/05/2025
538,3,Juan,Guardia,2,9942995388,9150424521,9535 Manchester Road,usuario538@gmail.com,37539,21/05/2025
539,2,Juan,Gual,2,9276068309,7093420792,9530 Homewood St,usuario539@gmail.com,44109,21/05/2025
540,4,Juan,Grau,2,1987577653,494515641,953 School Lane,usuario540@gmail.com,29962,21/05/2025
541,2,Juan,Grau,2,3346944615,3623302195,9518 Mill Road,usuario541@gmail.com,99308,21/05/2025
542,3,Juan,Grau,3,7289140380,1350024475,9505 The Grove,usuario542@gmail.com,61332,21/05/2025
543,4,Juan,Grande,3,3519158563,2631229507,95 Studebaker Street,usuario543@gmail.com,94995,21/05/2025
544,4,Juan,Grande,4,4335819938,2695179613,95 South Street,usuario544@gmail.com,69462,21/05/2025
545,2,Juan,Grande,2,8466928790,7960370898,95 Highfield Road,usuario545@gmail.com,98265,21/05/2025
546,2,Juan,Granados,1,9156217136,2891574758,95 Delaware Dr,usuario546@gmail.com,17302,21/05/2025
547,3,Juan,Granados,4,6389614135,7922894946,9485 S Pheasant Dr,usuario547@gmail.com,31950,21/05/2025
548,4,Juana,Gracia,4,3879579725,3802661236,9481 S Chestnut St,usuario548@gmail.com,72797,21/05/2025
549,4,Juana,Gordillo,3,2037609779,8802307206,948 Railroad Avenue,usuario549@gmail.com,97062,21/05/2025
550,2,Juanita,Go렬,3,3444291225,2346652080,9459 King Street,usuario550@gmail.com,96956,21/05/2025
551,4,Juliana,Go렬,3,5301316591,8146440733,9453 South Pineknoll Drive,usuario551@gmail.com,92466,21/05/2025
552,4,Julie,Gonzalo,5,5086539934,6933468811,9448 Fairfield St,usuario552@gmail.com,16350,21/05/2025
553,4,Julio,Gonzalo,4,1583535048,5803930367,943 Holly Ave,usuario553@gmail.com,63468,21/05/2025
554,2,Julio,Gonzalo,3,6390562046,9616086805,940 S Thomas Ave,usuario554@gmail.com,24037,21/05/2025
555,4,Lalo,Gonz?lez,1,5226420275,6657516307,940 Riverside Court,usuario555@gmail.com,44690,21/05/2025
556,3,Lara,Gomis-Bello,2,6545019518,841693846,940 E Primrose Ave,usuario556@gmail.com,57030,21/05/2025
557,4,Laura,Gomis,4,2406744886,2184859048,94 The Avenue,usuario557@gmail.com,82649,21/05/2025
558,2,Leandro,Gomis,4,4968784987,3496030154,94 New Road,usuario558@gmail.com,13151,21/05/2025
559,3,Leire,Gomez,3,5874075607,6928156069,94 Beach St,usuario559@gmail.com,65060,21/05/2025
560,4,Leire,Godoy,5,5478717822,6129152937,9334 Hillside Street,usuario560@gmail.com,45381,21/05/2025
561,2,Leocadia,Godoy,3,2886219328,7828406058,9323 E Old York St,usuario561@gmail.com,80656,21/05/2025
562,3,Leocadio,Godoy,4,6675414482,8476133893,9307 Riverside Dr,usuario562@gmail.com,88311,21/05/2025
563,4,Leocadio,Gisbert,5,2741220885,7346633012,93 St John?s Road,usuario563@gmail.com,53739,21/05/2025
564,4,Leocadio,Girona,5,6975139037,6633485937,93 East Longbranch Dr,usuario564@gmail.com,72505,21/05/2025
565,2,Leonardo,Girona,3,6031820785,8799657409,9283 High Ridge Drive,usuario565@gmail.com,89319,21/05/2025
566,3,Leoncio,Girn,3,7614513080,2937389278,9241 Grove Road,usuario566@gmail.com,58740,21/05/2025
567,3,Leonel,Girn,4,5995977751,4327172418,922 West Leeton Ridge St,usuario567@gmail.com,42739,21/05/2025
568,3,Leonor,Girn,4,6262304356,9353532701,92 Peg Shop Rd,usuario568@gmail.com,92924,21/05/2025
569,4,Leopoldo,Giralt,2,5550410999,1105632873,92 Park Avenue,usuario569@gmail.com,67873,21/05/2025
570,3,Leopoldo,Giner,4,2941149261,7123681493,92 Marvon St,usuario570@gmail.com,53782,21/05/2025
571,2,Leticia,Gimeno,1,2701482547,5995897048,92 Brickell Drive,usuario571@gmail.com,23154,21/05/2025
572,2,Leyre,Gimenez-Lasa,3,2195450992,5587389672,9198 West Grant Street,usuario572@gmail.com,67120,21/05/2025
573,4,Lidia,Gimenez,3,3835281702,9460897337,919 Princeton St,usuario573@gmail.com,41799,21/05/2025
574,3,Ligia,Gimenez,3,2182401498,2132512915,9182 Market St,usuario574@gmail.com,81967,21/05/2025
575,3,Ligia,Gil-Miralles,4,9192709162,3791467268,918 Fordham St,usuario575@gmail.com,50955,21/05/2025
576,3,Ligia,Gil,3,8287057457,6508372920,917 NW Leatherwood Court,usuario576@gmail.com,35789,21/05/2025
577,4,Lilia,Garrido,1,1277157780,3090048879,9163 South Oxford Ave,usuario577@gmail.com,90337,21/05/2025
578,2,Lilia,Garrido,1,2369464378,3393924682,916 E Cactus Ave,usuario578@gmail.com,63076,21/05/2025
579,4,Liliana,Garmendia,5,1192128880,2788347356,9140 Carpenter St,usuario579@gmail.com,10690,21/05/2025
580,2,Lina,Garmendia,3,1653591053,9521644070,9123 Shub Farm Road,usuario580@gmail.com,35146,21/05/2025
581,2,Lino,Garmendia,1,9709037089,2419988818,9112 St John?s Road,usuario581@gmail.com,32327,21/05/2025
582,4,Lisandro,Gargallo,3,6681922283,389679973,911 Charles St,usuario582@gmail.com,17092,21/05/2025
583,2,Lisandro,GarcSeguraa,4,1226472119,3418633816,9105 E Bayberry Avenue,usuario583@gmail.com,37513,21/05/2025
584,4,Lisandro,Garcia,3,6478471929,5951427145,91 SE Pierce Ave,usuario584@gmail.com,91717,21/05/2025
585,4,Loida,Garcia,4,9938211150,8593048814,91 Annadale Road,usuario585@gmail.com,50165,21/05/2025
586,2,Lola,Garc?s,3,1648607370,5041994125,9096 Clark Lane,usuario586@gmail.com,14572,21/05/2025
587,2,Lola,Garc?s,2,7235549549,573216872,907 Inverness Dr,usuario587@gmail.com,83224,21/05/2025
588,2,Loreto,Garc?s,5,5925129875,2691476146,906 North Marshall Drive,usuario588@gmail.com,89154,21/05/2025
589,4,Loreto,Garay,1,9896427626,3511503919,9050 West Catherine Dr,usuario589@gmail.com,22265,21/05/2025
590,4,Lucas,G?rate,2,6663961413,629891173,905 Wrangler Lane,usuario590@gmail.com,39570,21/05/2025
591,3,Lucho,G?mez,5,2588615928,7870138382,9045 Poor House Lane,usuario591@gmail.com,21950,21/05/2025
592,4,Lucho,G?lvez,1,5791630482,6364415363,9029 Bellevue Drive,usuario592@gmail.com,60151,21/05/2025
593,4,Lucho,Galvez,2,7525119496,6947358976,901 Belmont Street,usuario593@gmail.com,50464,21/05/2025
594,3,Luca,Galv?n,4,5604373394,3418741234,9001 Creek Street,usuario594@gmail.com,79629,21/05/2025
595,3,Luciana,Gallo,3,8524916526,3058882254,90 St John?s Road,usuario595@gmail.com,77271,21/05/2025
596,3,Luciano,Gallo,5,9755332267,612725938,9 Station Road,usuario596@gmail.com,32013,21/05/2025
597,2,Lucila,Gallo,3,7150799432,8023096855,9 South Theatre Ave,usuario597@gmail.com,99214,21/05/2025
598,2,Lucio,Gallego,4,7502284060,3532455577,9 Nut Swamp Road,usuario598@gmail.com,40263,21/05/2025
599,2,Luis,Gallart,2,1413153646,2823862656,9 Military Dr,usuario599@gmail.com,63878,21/05/2025
600,4,Luis,Gal?n,5,6154817707,6579234008,9 Marconi Road,usuario600@gmail.com,87009,21/05/2025
601,4,Luis,Gabaldn,5,7876810614,9482167895,9 Main Road,usuario601@gmail.com,95864,21/05/2025
602,4,Luis,Fuster,2,8244493655,1555874405,9 Lake St,usuario602@gmail.com,15619,21/05/2025
603,4,Luis,Fuertes,2,5722616115,4682353489,9 Grange Road,usuario603@gmail.com,35581,21/05/2025
604,4,Luis,Fuentes,5,5676182147,1288201806,8995 Rockledge Street,usuario604@gmail.com,69145,21/05/2025
605,2,Lus,Fuente,3,4127575150,8263295205,899 Shipley Ave,usuario605@gmail.com,18425,21/05/2025
606,2,Luisa,FrSeguraas,4,5921820807,1407067416,8987 Tunnel Court,usuario606@gmail.com,90659,21/05/2025
607,2,Luisa,Francisco,2,8092262211,730853454,8958 Golf St,usuario607@gmail.com,60902,21/05/2025
608,2,Luisina,Francisco,1,7009738827,4003790817,895 Sleepy Hollow St,usuario608@gmail.com,96238,21/05/2025
609,4,Luisina,Francisco,4,7421840343,4305587218,8948 St Louis Ave,usuario609@gmail.com,61254,21/05/2025
610,4,Luna,Francisco,4,8919487853,3050308561,893 Church Lane,usuario610@gmail.com,36247,21/05/2025
611,3,Lupe,Franch,2,3734590220,7721059144,89 West Lakeview Dr,usuario611@gmail.com,13619,21/05/2025
612,4,Lupita,Fonseca-Granados,4,4223435465,4702412026,8882 Old Smith Ave,usuario612@gmail.com,99751,21/05/2025
613,2,Macarena,Flores,2,4021299622,8749626242,8877 Selby Rd,usuario613@gmail.com,74615,21/05/2025
614,3,Magdalena,Flor,2,4973665283,5010664131,8857 Gonzales Street,usuario614@gmail.com,97093,21/05/2025
615,3,Magdalena,Fiol,4,2383935141,5994908184,8842 Old Van Dyke Ave,usuario615@gmail.com,22629,21/05/2025
616,3,Magdalena,Fiol,5,9706785037,1090286091,8842 Albany Dr,usuario616@gmail.com,81990,21/05/2025
617,3,Malena,Figuerola-Lorenzo,3,5651755508,2799179652,8821 Rockville Lane,usuario617@gmail.com,60998,21/05/2025
618,2,Mamen,Figuerola,3,9265219882,8549989549,8819 Oak Ave,usuario618@gmail.com,29099,21/05/2025
619,3,Mamen,Figueroa,1,3042858635,4803675271,88 Pheasant Rd,usuario619@gmail.com,29806,21/05/2025
620,4,Mamen,Figueroa,4,3508785445,2195860833,88 Maple Circle,usuario620@gmail.com,79677,21/05/2025
621,2,Mamen,Figueroa,2,8010279038,2969451042,8788 Birchpond Circle,usuario621@gmail.com,69083,21/05/2025
622,2,Manola,Ferreras,2,6188405971,8433282572,877 North Road,usuario622@gmail.com,88325,21/05/2025
623,4,Manolo,Ferrera,4,8343250069,5815154161,8759 Tanglewood Dr,usuario623@gmail.com,35584,21/05/2025
624,3,Manolo,Ferrera,5,1248414485,1278708415,874 Manor Road,usuario624@gmail.com,30996,21/05/2025
625,2,Manu,Ferrera,2,1550546971,4934477843,8728 Boston Street,usuario625@gmail.com,91536,21/05/2025
626,4,Manu,Ferrer,2,6888346368,1319546274,8718 Chapel Drive,usuario626@gmail.com,91685,21/05/2025
627,3,Manuel,Ferrer,1,6783757121,5440030975,8683 South Drive,usuario627@gmail.com,87543,21/05/2025
628,3,Manuela,Ferr?ndiz,1,7595109504,422755017,8678 Glen Eagles Rd,usuario628@gmail.com,47651,21/05/2025
629,2,Manuelita,Ferr?ndiz,1,8123430793,3274938878,8672 S Mechanic Dr,usuario629@gmail.com,46346,21/05/2025
630,3,Manuelita,Ferr?ndez,2,1794296799,5125593198,8664 Oak Valley Drive,usuario630@gmail.com,35202,21/05/2025
631,2,Manuelita,Ferr?n,4,2881006373,1267509644,8627 Bayberry Street,usuario631@gmail.com,71076,21/05/2025
632,2,Marcela,Fern?ndez,2,4075957208,232721227,8615 W Pine Lane,usuario632@gmail.com,24417,21/05/2025
633,4,Marcela,Fernandez,2,8478991073,6751099608,861 Oakland St,usuario633@gmail.com,33022,21/05/2025
634,3,Marcela,Fernandez,5,1849887341,3918867322,8606 Edgewood Lane,usuario634@gmail.com,70787,21/05/2025
635,4,Marcia,Fernandez,4,1664676798,3358178801,86 Surrey St,usuario635@gmail.com,62192,21/05/2025
636,3,Marciano,Feliu,5,3125794208,7877537425,86 N Poor House Ave,usuario636@gmail.com,77330,21/05/2025
637,2,Marco,Feijoo-Go렬,4,1174486874,5322062326,86 Logan Dr,usuario637@gmail.com,17754,21/05/2025
638,3,Marco,Feijoo,2,4844099730,139484651,86 Bradford Rd,usuario638@gmail.com,32645,21/05/2025
639,4,Marco,Feijoo,3,8398073691,8291054334,859 Foxrun Ave,usuario639@gmail.com,55701,21/05/2025
640,4,Marcos,Farr?,1,5424392158,3572516364,858 Race St,usuario640@gmail.com,95214,21/05/2025
641,3,Marcos,Falcn-Cadenas,1,2838436345,9821384347,858 Primrose Lane,usuario641@gmail.com,52751,21/05/2025
642,2,Marcos,Falcn,1,1869299667,3839541195,8579 Greenview St,usuario642@gmail.com,24514,21/05/2025
643,3,Margarita,Falcn,2,3294712325,4360951190,855 Colonial St,usuario643@gmail.com,35479,21/05/2025
644,3,Mara,Fajardo,5,2686596229,9015565221,8546 Ketch Harbour Ave,usuario644@gmail.com,45133,21/05/2025
645,3,Mara,Fajardo,1,8148467956,9603840446,8518 Hilldale Lane,usuario645@gmail.com,80692,21/05/2025
646,2,Mara,Fabregat,4,5177813792,8695578614,850 School St,usuario646@gmail.com,34999,21/05/2025
647,3,Mara,Fabregat,4,9913334304,3698267263,85 Victoria Street,usuario647@gmail.com,89060,21/05/2025
648,2,Mara,F?bregas,5,3809825147,7544612953,85 Lookout Ave,usuario648@gmail.com,39193,21/05/2025
649,4,Mara,Fabra,5,5515535335,3383291834,85 Broadway,usuario649@gmail.com,66206,21/05/2025
650,3,Mara,Expsito,5,6517544712,4888234006,85 Brewery Lane,usuario650@gmail.com,51464,21/05/2025
651,4,Mara,Expsito,2,4097734678,3825441305,8497 3rd St,usuario651@gmail.com,72714,21/05/2025
652,3,Mara,Exposito,2,2695995706,4904017571,8489 Colonial St,usuario652@gmail.com,26889,21/05/2025
653,4,Mara,Estrada-Querol,2,3990165458,1643741011,8483 Sugar Ave,usuario653@gmail.com,81250,21/05/2025
654,2,Mara,Estrada,5,3824687811,8093396936,8478 West St,usuario654@gmail.com,28168,21/05/2025
655,2,Mara,Estrada,4,2330554183,2517243638,8478 Vernon Lane,usuario655@gmail.com,20410,21/05/2025
656,4,Marianela,Est?vez,1,3506990650,828847661,8473 South Lilac Court,usuario656@gmail.com,13780,21/05/2025
657,4,Marianela,Esteve,3,6399985463,7517072590,847 West Jockey Hollow Court,usuario657@gmail.com,59925,21/05/2025
658,2,Maribel,Esteban,5,3577920717,3645353198,847 S Manor St,usuario658@gmail.com,29161,21/05/2025
659,4,Maricela,Espinosa,1,4711161346,4665533832,8459 Wagon Road,usuario659@gmail.com,96528,21/05/2025
660,4,Marina,Espa려,5,9034282186,2241141217,8438 Joy Ridge Drive,usuario660@gmail.com,21325,21/05/2025
661,2,Mario,Escribano,3,2854658458,210523802,8408 Broad Ave,usuario661@gmail.com,82122,21/05/2025
662,3,Marisela,Escribano,2,5648940516,2761501883,840 Oak Meadow Ave,usuario662@gmail.com,59432,21/05/2025
663,4,Marisela,Escobar,2,9807096575,6406895392,84 Church Lane,usuario663@gmail.com,13827,21/05/2025
664,4,Marisela,Escobar,2,8615495338,1428818700,8388 Water St,usuario664@gmail.com,96607,21/05/2025
665,2,Marisela,Escamilla,3,6641056793,6380597486,8388 Pheasant Street,usuario665@gmail.com,10224,21/05/2025
666,4,Maristela,Escalona,2,5140233705,3373534061,8356 Bank Ave,usuario666@gmail.com,19837,21/05/2025
667,2,Maristela,Escalona,5,1082422047,5483596706,834 Yukon Lane,usuario667@gmail.com,33425,21/05/2025
668,3,Marta,Egea,1,7293138276,9289215761,8324 South St,usuario668@gmail.com,68433,21/05/2025
669,2,Martn,Dur?n,3,8118685854,8771700739,832 Lake Forest Rd,usuario669@gmail.com,81569,21/05/2025
670,2,Martirio,Dur?n,5,2405369854,4004897811,8304 Van Dyke Avenue,usuario670@gmail.com,50224,21/05/2025
671,3,Martirio,Duran,3,9481683486,7364054145,830 High Point Court,usuario671@gmail.com,97829,21/05/2025
672,3,Martirio,Duran,2,9655565667,3223524560,829 Devonshire Street,usuario672@gmail.com,34229,21/05/2025
673,3,Matas,Duran,4,5665135840,2387047571,8279 Main Street,usuario673@gmail.com,80744,21/05/2025
674,3,Matas,Duque,2,7051911901,2458777196,824 Woodside Avenue,usuario674@gmail.com,83083,21/05/2025
675,2,Matas,Duarte,1,6565465215,1275938253,823 The Green,usuario675@gmail.com,35944,21/05/2025
676,4,Mauricio,Donoso,1,5998925951,4692484147,8215 Atlantic St,usuario676@gmail.com,75447,21/05/2025
677,3,Maximiliano,Donoso,2,3301723387,6341631649,82 Windsor Road,usuario677@gmail.com,44816,21/05/2025
678,2,Maximiliano,Dominguez-Llorente,3,5835835770,2498532700,82 West Street,usuario678@gmail.com,87975,21/05/2025
679,4,Maximino,DomSeguranguez,2,7491912025,6834473273,818 North Ridge St,usuario679@gmail.com,29380,21/05/2025
680,2,M?ximo,Dominguez,3,5055409218,8419933449,815 Victoria Ave,usuario680@gmail.com,15378,21/05/2025
681,3,Mayte,Domingo,4,6682918763,4198657555,8143 College St,usuario681@gmail.com,45620,21/05/2025
682,2,Mayte,Dom?nech,3,3975320828,5114514550,8142 Lees Creek Rd,usuario682@gmail.com,29781,21/05/2025
683,4,Mayte,DSeguraez-Zorrilla,3,3295936219,5799233151,8133 Sycamore Street,usuario683@gmail.com,76406,21/05/2025
684,4,Mayte,Diez,1,7576025734,7066999187,8133 SE Augusta Ave,usuario684@gmail.com,93477,21/05/2025
685,2,Mayte,Diego,2,9669591525,3187528729,8127 Pawnee Lane,usuario685@gmail.com,86908,21/05/2025
686,4,Melania,DSeguraaz,2,2944051915,8036479173,8117 Birch Hill Rd,usuario686@gmail.com,16984,21/05/2025
687,4,Melania,Diaz,3,9949482335,2047128832,810 West Mill St,usuario687@gmail.com,79529,21/05/2025
688,2,Melania,Diaz,2,3813649658,2508912666,810 10th St,usuario688@gmail.com,26719,21/05/2025
689,4,Melisa,Daza,5,9242235129,9822437119,81 Manor Road,usuario689@gmail.com,93630,21/05/2025
690,2,Melisa,D?vila,5,4060953494,6633432414,81 Bohemia Lane,usuario690@gmail.com,90042,21/05/2025
691,2,Miguel,Dalmau-Bola렲s,4,4881119278,7614700565,8094 Albany Drive,usuario691@gmail.com,35332,21/05/2025
692,2,Miguel,Dalmau,4,9954104298,5676978131,8046 Clay Street,usuario692@gmail.com,76150,21/05/2025
693,3,Miguel,Dalmau,5,1681623167,1298317442,8026 New Saddle St,usuario693@gmail.com,30405,21/05/2025
694,4,Miguela,Dalmau,3,6059635780,6312205081,801 SW Prairie St,usuario694@gmail.com,74385,21/05/2025
695,3,Milagros,Cuevas,2,4073491207,3936327330,800 Mill Road,usuario695@gmail.com,31917,21/05/2025
696,4,Milagros,Cueto,5,8739488016,366546541,80 Chester Road,usuario696@gmail.com,59174,21/05/2025
697,2,Mireia,Cuesta,1,5866526650,2486292376,8 White Ave,usuario697@gmail.com,83997,21/05/2025
698,4,Modesta,Cuenca,1,8498162030,5915934196,8 Westminster Ave,usuario698@gmail.com,34566,21/05/2025
699,2,Modesto,Cu?llar,1,6909028276,6977867045,8 Galvin Street,usuario699@gmail.com,39289,21/05/2025
700,2,Modesto,Cruz,5,4816475821,8438551355,7952 Durham St,usuario700@gmail.com,25740,21/05/2025
701,4,Modesto,Criado,2,1671529133,608054029,791 Silver Spear Street,usuario701@gmail.com,77004,21/05/2025
702,2,M잝ica,Crespo,4,7677447505,8492929350,79 The Avenue,usuario702@gmail.com,17835,21/05/2025
703,4,Montserrat,Crespo,4,3399419098,2028669546,79 Rocky River Ave,usuario703@gmail.com,98597,21/05/2025
704,3,Montserrat,Crespi,1,8323656848,5107106095,7889 Chapel Street,usuario704@gmail.com,69662,21/05/2025
705,2,Morena,Crespi,3,1285685825,1273168313,7880 Leeton Ridge Avenue,usuario705@gmail.com,21583,21/05/2025
706,3,Morena,Czar,1,1413986851,821094664,7813 Helen Ave,usuario706@gmail.com,90018,21/05/2025
707,3,Morena,Czar,4,5627853675,7698333631,78 Springfield Road,usuario707@gmail.com,43060,21/05/2025
708,3,Moreno,Cortina,5,1566355755,3827876435,78 Hamilton St,usuario708@gmail.com,93232,21/05/2025
709,3,Nacio,Cort?s,5,6836676841,541044567,7788 S Princeton Court,usuario709@gmail.com,90772,21/05/2025
710,4,Nadia,Cort?s,2,9361529548,4995893740,7761 Glenridge St,usuario710@gmail.com,48162,21/05/2025
711,3,Nadia,Coronado,5,2466200808,8613830064,7707 Beech Ave,usuario711@gmail.com,23205,21/05/2025
712,2,Nadia,Coronado,5,8334089081,676002827,770 Carson St,usuario712@gmail.com,33018,21/05/2025
713,3,Nando,Corominas,2,3135873886,6214695057,77 Lyme Street,usuario713@gmail.com,58478,21/05/2025
714,2,Narcisa,Corominas,5,1778183056,3740327840,7690 Glenridge Street,usuario714@gmail.com,94540,21/05/2025
715,3,Narciso,Cornejo,5,5751090911,2187977742,767 North Miller St,usuario715@gmail.com,66089,21/05/2025
716,4,Natalio,Cornejo,4,8222055507,7642693303,7654 Creek St,usuario716@gmail.com,43010,21/05/2025
717,2,Natanael,Crdoba,1,5275690528,6544777881,7652 West Wakehurst Drive,usuario717@gmail.com,57167,21/05/2025
718,4,Nayara,Crdoba,5,9617836193,9962421590,7652 Lakeshore Court,usuario718@gmail.com,75927,21/05/2025
719,2,Nayara,Crdoba,3,7361814240,9652262939,764 New St,usuario719@gmail.com,12653,21/05/2025
720,3,Nayara,Cordero,2,2791161778,5475571210,7606 Alderwood Rd,usuario720@gmail.com,89136,21/05/2025
721,2,Nayara,Cordero,1,1942208501,8387972964,76 The Grove,usuario721@gmail.com,67414,21/05/2025
722,4,Nazaret,Conesa,5,5778915876,8065184820,76 South Street,usuario722@gmail.com,64824,21/05/2025
723,4,Nazaret,Conde-Amat,3,9172222462,296328246,76 Queensway,usuario723@gmail.com,77082,21/05/2025
724,4,Nazaret,Conde,2,4515803981,1967077366,759 E Foxrun Ave,usuario724@gmail.com,61920,21/05/2025
725,2,Nazaret,Conde,5,5716555546,7952512397,7576 S Prince Ave,usuario725@gmail.com,54230,21/05/2025
726,2,N?lida,Comas,5,9062162197,3220916939,7545 Yukon Street,usuario726@gmail.com,30298,21/05/2025
727,3,Nerea,Colomer,3,7811318167,600552037,7542 Logan Ave,usuario727@gmail.com,78816,21/05/2025
728,4,Nerea,Colomer,5,9568181249,8986272448,750 Vernon Ave,usuario728@gmail.com,99631,21/05/2025
729,3,Nerea,Coloma,2,8414608535,5482816050,75 Victoria St,usuario729@gmail.com,67256,21/05/2025
730,2,Nerea,Coloma,2,5462661995,2730080596,75 The Drive,usuario730@gmail.com,44297,21/05/2025
731,4,Nicanor,Coloma,2,3267769233,2501809293,75 Jefferson Lane,usuario731@gmail.com,24846,21/05/2025
732,3,Nicanor,Coello,4,7924673174,735159767,749 N Beechwood Ave,usuario732@gmail.com,21439,21/05/2025
733,4,Nicanor,Coello,4,4800957695,3722529794,749 Honey Creek St,usuario733@gmail.com,71575,21/05/2025
734,2,Nicodemo,Codina,5,5248603023,7338311883,7487 College Rd,usuario734@gmail.com,26752,21/05/2025
735,3,Nicol?s,Coca,5,7315134841,6855058294,748 East Brown St,usuario735@gmail.com,36294,21/05/2025
736,2,Nicol?s,Cobos,5,9192438758,3375466052,7465 Rosewood Road,usuario736@gmail.com,89807,21/05/2025
737,4,Nicol?s,Cobo,2,3292327171,4316309313,746 Marsh Ave,usuario737@gmail.com,29685,21/05/2025
738,2,Nicolasa,Clemente,4,1954460335,4541624349,7440 Cherry Hill Court,usuario738@gmail.com,14331,21/05/2025
739,3,Nicolasa,Cisneros,3,6144346083,4156013180,744 Coffee Ave,usuario739@gmail.com,14855,21/05/2025
740,3,Nicolasa,Cid,2,7040517354,1276813502,741 Ann Ave,usuario740@gmail.com,17455,21/05/2025
741,2,Nicolasa,Chico-Cuesta,5,5505639436,1171196510,74 Broadway,usuario741@gmail.com,23071,21/05/2025
742,2,Nidia,Chaparro,2,9903547515,7274355304,7379 Nut Swamp Dr,usuario742@gmail.com,76175,21/05/2025
743,2,Nidia,Chaparro,1,7345968995,5952327864,7363 St Louis Street,usuario743@gmail.com,63227,21/05/2025
744,3,Nidia,Chamorro-Vives,5,9710418588,1146872706,735 N Yukon Street,usuario744@gmail.com,63362,21/05/2025
745,4,Nieves,C?spedes,1,4439181826,7207596955,735 E Newbridge St,usuario745@gmail.com,15435,21/05/2025
746,2,Nilda,C?spedes,1,8169876205,3370149885,7328 Marsh St,usuario746@gmail.com,31896,21/05/2025
747,2,Nilo,Cervera,2,9420389431,8337502996,732 Prince Lane,usuario747@gmail.com,45956,21/05/2025
748,2,Noa,Cervera,3,3474795203,2833793601,7313 Bohemia Street,usuario748@gmail.com,58039,21/05/2025
749,4,Noem,Cerro,3,4108108208,1027049719,73 Chester Road,usuario749@gmail.com,22279,21/05/2025
750,4,Norberto,Cerro,5,4022258859,3555133693,73 Alderwood St,usuario750@gmail.com,13591,21/05/2025
751,2,Norberto,Cerd?n,2,2926546662,9718064840,7266 Shady Drive,usuario751@gmail.com,86381,21/05/2025
752,2,Norberto,Cerd?n,2,8132625490,2943009032,7241 Cemetery Ave,usuario752@gmail.com,19809,21/05/2025
753,2,Nuria,Cerd?n,1,5754155575,1553083953,7201 Mill Street,usuario753@gmail.com,26383,21/05/2025
754,4,Nuria,Cerd?n,2,9476988286,6703534966,720 Paris Hill St,usuario754@gmail.com,60220,21/05/2025
755,3,Nydia,Cerd?-Fern?ndez,4,9268128804,2247561617,719 Center Ave,usuario755@gmail.com,65250,21/05/2025
756,2,Obdulia,Catal?n,4,2193221236,1171489224,7172 Halifax St,usuario756@gmail.com,76323,21/05/2025
757,2,Octavio,Castells,2,5782036417,1811042528,7133 E West St,usuario757@gmail.com,27638,21/05/2025
758,4,Octavio,Castell,4,8782197678,8320027315,710 Richmond Road,usuario758@gmail.com,44507,21/05/2025
759,3,Odalys,Castellanos,3,4447079297,1291936280,71 Stanley Road,usuario759@gmail.com,26849,21/05/2025
760,4,Olimpia,Castellanos,5,4854316117,3448193816,71 North Street,usuario760@gmail.com,16755,21/05/2025
761,2,Olimpia,Castell,2,8950660252,2760744989,71 Cambridge Lane,usuario761@gmail.com,58380,21/05/2025
762,3,Olivia,Cases,2,2038472603,3918386737,7088 South Woodland St,usuario762@gmail.com,75234,21/05/2025
763,4,Olivia,Casas,5,9180508542,3341521787,7075 Lake Forest Rd,usuario763@gmail.com,49392,21/05/2025
764,3,Olivia,Casas,5,5315313879,6423326367,7071 Third St,usuario764@gmail.com,94339,21/05/2025
765,3,?scar,Casas,3,1551143269,8657297068,7049 Water Road,usuario765@gmail.com,92293,21/05/2025
766,4,?scar,Casas,1,7210200598,8317366538,7019 Maple St,usuario766@gmail.com,26540,21/05/2025
767,4,?scar,Casares,2,3114184422,7202467349,7017 Walt Whitman Street,usuario767@gmail.com,19326,21/05/2025
768,3,Osvaldo,Casanovas-Riba,1,8993523563,1316398152,70 Green Lane,usuario768@gmail.com,71034,21/05/2025
769,3,Otilia,Casanovas,1,4211132108,2497706222,70 Green Hill Drive,usuario769@gmail.com,18096,21/05/2025
770,4,Otilia,Casanova,4,1876182697,6743525612,7 Stanley Road,usuario770@gmail.com,43968,21/05/2025
771,4,Otilia,Casanova,2,5133043827,6862303378,7 N Annadale Street,usuario771@gmail.com,96975,21/05/2025
772,2,Ovidio,Casanova,3,5545365088,3397180622,7 Hill Field St,usuario772@gmail.com,27233,21/05/2025
773,3,Ovidio,Carvajal,1,2233214202,4880844752,69 High Street,usuario773@gmail.com,75388,21/05/2025
774,3,Paca,Carvajal,1,2805390654,7442084731,682 Glenwood Street,usuario774@gmail.com,52612,21/05/2025
775,2,Paca,Carretero,4,3865272917,8635425918,679 Philmont St,usuario775@gmail.com,49882,21/05/2025
776,2,Pacfica,Carretero,2,7026163048,9027658697,679 Oak Meadow Ave,usuario776@gmail.com,99968,21/05/2025
777,3,Pacfica,Carreras,1,2413175113,8574095221,674 Van Dyke Drive,usuario777@gmail.com,34157,21/05/2025
778,4,Palmira,Carreras,4,1932483617,623021700,674 High Street,usuario778@gmail.com,62259,21/05/2025
779,4,Palmira,Carrasco-Belda,2,4732227613,8520056692,67 Bald Hill St,usuario779@gmail.com,27751,21/05/2025
780,2,Paloma,Carrasco,2,3964104355,5647673727,654 S Jones Street,usuario780@gmail.com,68572,21/05/2025
781,2,Paloma,Carrasco,3,6643222588,5255033601,65 Kings Road,usuario781@gmail.com,65090,21/05/2025
782,3,Paloma,Carranza,3,4053429919,2245846132,65 High Street,usuario782@gmail.com,50509,21/05/2025
783,2,P?nfilo,Carnero,5,7339792191,3633505982,64 South Street,usuario783@gmail.com,15287,21/05/2025
784,3,Paola,Carnero,5,6676503137,3138735993,638 Jennings Street,usuario784@gmail.com,91126,21/05/2025
785,3,Paola,Carmona,5,9723986795,973570547,634 Rockaway St,usuario785@gmail.com,43528,21/05/2025
786,4,Paola,C?rdenas-Esparza,3,2198107353,1942433150,62 Swanson Dr,usuario786@gmail.com,62629,21/05/2025
787,3,Pascual,Carballo-Bayona,4,6602976997,5067870100,62 Richmond Road,usuario787@gmail.com,19460,21/05/2025
788,3,Pascual,Carballo,1,2181877306,5332933577,62 Homewood Street,usuario788@gmail.com,57166,21/05/2025
789,3,Pascuala,Caparrs,4,3301510733,7820012791,619 Pleasant St,usuario789@gmail.com,41857,21/05/2025
790,3,Pastor,Ca련llas-Abad,4,4050276525,4092247137,618 North Park Drive,usuario790@gmail.com,29534,21/05/2025
791,4,Pastora,Ca려s,5,7802402150,3488665695,612 Silver Spear Dr,usuario791@gmail.com,92625,21/05/2025
792,3,Patricia,Cantn,3,3716044417,590648361,611 Linda Rd,usuario792@gmail.com,44211,21/05/2025
793,3,Patricia,Cano,1,3797548763,8333481649,611 Academy Street,usuario793@gmail.com,20855,21/05/2025
794,3,Patricio,Cano,2,5224574893,6144578409,61 Fulton Street,usuario794@gmail.com,60647,21/05/2025
795,4,Patricio,Canet,5,9583005167,8715287092,61 Bridle St,usuario795@gmail.com,90415,21/05/2025
796,3,Patricio,Canals,2,1918689943,3790029745,61 Aspen Street,usuario796@gmail.com,81737,21/05/2025
797,4,Paz,Canals,1,9781161775,3011651360,61 Addison Dr,usuario797@gmail.com,89656,21/05/2025
798,2,Pedro,Canales,4,2063968113,3576591087,607 Cherry Hill Street,usuario798@gmail.com,47764,21/05/2025
799,4,Pepe,Canales,3,6862542877,9521185018,606 Galvin Street,usuario799@gmail.com,89545,21/05/2025
800,4,Pepita,Campoy,1,4084909522,6063970287,601 London Road,usuario800@gmail.com,58615,21/05/2025
801,3,Pepita,Campoy,4,5101168108,8744404929,60 Thatcher Court,usuario801@gmail.com,56487,21/05/2025
802,3,Pepita,Campoy,4,8405480596,2734365569,60 Lower River St,usuario802@gmail.com,55474,21/05/2025
803,3,Pepita,Campos,2,8470975366,2628812682,6 Newport Court,usuario803@gmail.com,19127,21/05/2025
804,2,Pepito,Campos,1,1920980278,3268897819,6 Monroe Ave,usuario804@gmail.com,52664,21/05/2025
805,2,Petrona,Campo-Bueno,4,3523183547,6634271792,597 New Street,usuario805@gmail.com,76565,21/05/2025
806,4,Petrona,Camino-Briones,4,9623303285,6610703900,59 Ridgewood Ave,usuario806@gmail.com,66692,21/05/2025
807,3,Petrona,Calzada,2,9011196106,2413743963,59 Atlantic Ave,usuario807@gmail.com,50254,21/05/2025
808,4,Pa,Calvo,1,4386101036,2346444314,584 Pumpkin Hill Dr,usuario808@gmail.com,82588,21/05/2025
809,4,Piedad,Calvo,3,6800325568,5646244028,584 Park Avenue,usuario809@gmail.com,36744,21/05/2025
810,4,Pilar,Calvet,3,1286166599,7402521572,582 Honey Creek Road,usuario810@gmail.com,39870,21/05/2025
811,3,Pili,Calvet,4,8374591603,1199367625,58 Highfield Road,usuario811@gmail.com,61011,21/05/2025
812,4,Po,Calvet,3,8851862952,3627905858,575 Park Avenue,usuario812@gmail.com,12152,21/05/2025
813,3,Po,Calleja,4,4881264472,4309390067,57 Green Drive,usuario813@gmail.com,12876,21/05/2025
814,3,Po,Calleja,4,1407484518,316362407,567 Albert Road,usuario814@gmail.com,86516,21/05/2025
815,4,Pl?cido,Caldern-Olmedo,5,8495924453,4122198054,566 Old Windsor Street,usuario815@gmail.com,37423,21/05/2025
816,2,Poncio,Caldern,5,7574556563,4470981213,56 Nut Swamp Circle,usuario816@gmail.com,76920,21/05/2025
817,2,Poncio,Caldern,2,8023879251,6216051323,56 Marsh Drive,usuario817@gmail.com,47527,21/05/2025
818,2,Porfirio,Calatayud,2,6756999761,9912452330,559 Young St,usuario818@gmail.com,85651,21/05/2025
819,4,Porfirio,Cadenas,5,9547252030,8100285778,55 Lake Forest Drive,usuario819@gmail.com,63261,21/05/2025
820,3,Primitiva,Cabrero,1,4280154972,2975953020,541 S State Dr,usuario820@gmail.com,30182,21/05/2025
821,4,Primitiva,Cabrera,2,4414194003,2972156634,54 Kingsway,usuario821@gmail.com,47006,21/05/2025
822,2,Primitivo,Cabezas,1,3382895966,3940354894,54 Indian Summer Street,usuario822@gmail.com,24825,21/05/2025
823,3,Primitivo,Cabello-Pol,3,9765713359,8925430720,538 Cross Street,usuario823@gmail.com,31469,21/05/2025
824,2,Prudencio,Caba려s,4,7182741010,2802891734,534 Clinton Street,usuario824@gmail.com,31259,21/05/2025
825,4,Purificaci잝,Cabanillas,3,2747779728,8223684282,53 Cedarwood St,usuario825@gmail.com,32282,21/05/2025
826,2,Quique,Cabanillas,5,2347018158,2554183913,520 Albert Road,usuario826@gmail.com,53073,21/05/2025
827,4,Quirino,Bustamante,2,9031908675,1121739270,52 Glenridge Street,usuario827@gmail.com,76407,21/05/2025
828,4,Quirino,Bustamante,5,3123886125,4010899471,517 Stanley Road,usuario828@gmail.com,74210,21/05/2025
829,2,Rafa,Bustamante,5,9218695096,6138247239,510 West Homewood Ave,usuario829@gmail.com,27852,21/05/2025
830,4,Rafael,Busquets,2,7540490355,4639425892,51 Mayfair Court,usuario830@gmail.com,65472,21/05/2025
831,3,Rafaela,Busquets,4,1949530941,9876437671,51 Manchester Road,usuario831@gmail.com,15288,21/05/2025
832,2,Ramiro,Burgos,3,5033806539,2543717251,51 Coffee St,usuario832@gmail.com,73486,21/05/2025
833,2,Regina,Bueno,2,6783345924,2281430413,508 Cypress St,usuario833@gmail.com,83571,21/05/2025
834,4,R?gulo,Bru,3,2472182626,6830552010,505 Evergreen Dr,usuario834@gmail.com,45284,21/05/2025
835,3,R?gulo,Bru,1,6377235523,5655211066,503 Delaware Street,usuario835@gmail.com,21458,21/05/2025
836,3,Reina,Bravo-Cano,5,7366234629,5215153587,501 Foster Ave,usuario836@gmail.com,66778,21/05/2025
837,4,Reinaldo,Bravo,5,9756457933,5896543755,50 New Rd,usuario837@gmail.com,34776,21/05/2025
838,4,Remedios,Bravo,1,4498519993,3238303187,50 Lawrence Rd,usuario838@gmail.com,18862,21/05/2025
839,4,Remedios,Botella,5,3815209351,4751274882,5 West Henry Smith Street,usuario839@gmail.com,87448,21/05/2025
840,3,Remigio,Borrell-Armas,4,4245336736,3748596232,5 Victoria Street,usuario840@gmail.com,98667,21/05/2025
841,4,Renata,Bonet,4,5640698903,1850957712,5 Kingsway,usuario841@gmail.com,43043,21/05/2025
842,3,Renato,Bonet,1,2643503061,4627237177,5 Kingsway,usuario842@gmail.com,76269,21/05/2025
843,4,Reyes,Bola렲s,3,6135692953,4835560057,5 George Street,usuario843@gmail.com,68781,21/05/2025
844,2,Reyna,Bola렲s,1,1598805614,1251244146,5 Circle Dr,usuario844@gmail.com,96263,21/05/2025
845,2,Reynaldo,Boix,5,3372643156,8549143814,5 Church Road,usuario845@gmail.com,84985,21/05/2025
846,2,Ricarda,Boada,1,9596079477,8991836319,499 Second Dr,usuario846@gmail.com,47786,21/05/2025
847,2,Rita,Bl?zquez,2,2593460217,4822451569,497 Maiden Street,usuario847@gmail.com,24806,21/05/2025
848,4,Roberta,Blazquez,3,5493094361,5114172390,493 Summer Avenue,usuario848@gmail.com,90256,21/05/2025
849,2,Roberto,Bilbao,5,2990200818,8629035882,490 W Vernon Street,usuario849@gmail.com,58236,21/05/2025
850,4,Roberto,Bertr?n,5,6261644182,2649701979,490 Beacon St,usuario850@gmail.com,91363,21/05/2025
851,4,Rodolfo,Bertr?n,1,8334718477,9680789735,487 East 6th St,usuario851@gmail.com,57317,21/05/2025
852,2,Rolando,Bertr?n,4,8029435229,8080034667,481 Park Road,usuario852@gmail.com,37206,21/05/2025
853,2,Rold?n,Bernat,3,3083673803,1418597561,48 Sunbeam St,usuario853@gmail.com,46009,21/05/2025
854,4,Rom?n,Bernal,2,6263984644,154017508,48 North Arch St,usuario854@gmail.com,53205,21/05/2025
855,2,R잜ulo,Bernal,4,5845283762,5279291951,48 Manor Road,usuario855@gmail.com,68422,21/05/2025
856,2,Roque,Bernad,1,1747990865,2844065476,472 Mill Lane,usuario856@gmail.com,96310,21/05/2025
857,3,Rosa,Berm?dez-Espejo,4,1712040589,443569288,471 S Cambridge Drive,usuario857@gmail.com,95320,21/05/2025
858,2,Rosalinda,Berm?dez,5,2584183285,514648916,47 Honey Creek Lane,usuario858@gmail.com,78667,21/05/2025
859,2,Rosalva,Berm?dez,5,5385565266,3795233072,468 Springfield Road,usuario859@gmail.com,80599,21/05/2025
860,4,Rosario,Benito,1,5493024177,1668212252,46 Victoria Street,usuario860@gmail.com,57932,21/05/2025
861,4,Rosario,BenSeguratez-Lozano,1,9326898213,7140156785,46 Victoria Court,usuario861@gmail.com,99996,21/05/2025
862,2,Rosenda,BenSeguratez,4,5882760439,8681127976,457 Orange Street,usuario862@gmail.com,32785,21/05/2025
863,3,Rosendo,BenSeguratez,3,2562331281,9776280782,45 The Crescent,usuario863@gmail.com,74815,21/05/2025
864,2,Rosendo,Benet,5,5604486565,5169266623,45 South Street,usuario864@gmail.com,10370,21/05/2025
865,3,Roxana,Benet,3,8840939196,2186929372,45 Main Road,usuario865@gmail.com,97729,21/05/2025
866,2,Ruben,Benavente,2,4553734983,2393352706,45 Heritage Ave,usuario866@gmail.com,94270,21/05/2025
867,3,Ruben,Benavent,5,3009272076,3791079817,441 Court Dr,usuario867@gmail.com,18064,21/05/2025
868,3,Rub?n,Beltran-Torralba,4,8701769330,7853281348,440 Cactus St,usuario868@gmail.com,62683,21/05/2025
869,3,Rufina,Belmonte,5,3932632123,760246485,44 School Lane,usuario869@gmail.com,63978,21/05/2025
870,2,Rufina,Belmonte,5,7589253758,6518369267,44 Manor Road,usuario870@gmail.com,74441,21/05/2025
871,4,Rufina,Bello,5,8678461717,2184949661,44 Grove Road,usuario871@gmail.com,45353,21/05/2025
872,4,Rufino,Belda,4,4373476673,4303139189,437 Queensway,usuario872@gmail.com,42529,21/05/2025
873,2,Rufino,Bejarano,4,2193046312,5579141657,437 Jockey Hollow Dr,usuario873@gmail.com,34786,21/05/2025
874,4,Ruperta,Bayona,3,2294746268,5137609577,42 Stanley Road,usuario874@gmail.com,45616,21/05/2025
875,4,Ruth,Bayo,5,3543543045,4969615740,417 Nut Swamp Lane,usuario875@gmail.com,84264,21/05/2025
876,3,Ruy,Bayo,2,7073352533,211622894,41 Victoria Street,usuario876@gmail.com,24209,21/05/2025
877,4,Sabas,Bauz?-Torrens,3,3802953575,8683450133,41 School Lane,usuario877@gmail.com,75500,21/05/2025
878,4,Sabina,Bauz?,1,4074365597,590218379,41 Alexander Road,usuario878@gmail.com,74865,21/05/2025
879,2,Salom?,Bauz?,4,2639701181,1649550065,404 Railroad St,usuario879@gmail.com,36267,21/05/2025
880,2,Samanta,Batalla,5,4197539840,1021712246,401 Arcadia St,usuario880@gmail.com,35841,21/05/2025
881,4,Samanta,Batalla,2,7841107706,3151132139,40 Woodland Dr,usuario881@gmail.com,81894,21/05/2025
882,2,Samanta,Bastida,3,4149888130,1394006333,4 Proctor Ave,usuario882@gmail.com,20719,21/05/2025
883,2,Samu,Bartolom?,4,3900091458,8757766539,4 Mill Road,usuario883@gmail.com,68584,21/05/2025
884,4,Samuel,Barroso-Coloma,1,4422527597,3213624070,4 Fairground Avenue,usuario884@gmail.com,19566,21/05/2025
885,4,Sancho,Barros,5,8867270523,9884885348,4 Bank Dr,usuario885@gmail.com,42774,21/05/2025
886,3,Sandalio,Barrio,5,9654341089,3738747100,395 W Coffee St,usuario886@gmail.com,52194,21/05/2025
887,3,Sandalio,Barrio,4,9129492611,9890382503,39 Goldfield Rd,usuario887@gmail.com,28043,21/05/2025
888,4,Sandalio,Barrio,2,1955273244,7020948984,386 Richmond Road,usuario888@gmail.com,30182,21/05/2025
889,3,Sandra,Barrio,5,3608893905,2060757403,38 Nut Swamp St,usuario889@gmail.com,36541,21/05/2025
890,4,Sandra,Barriga,2,1281456701,1599667367,38 Johnson St,usuario890@gmail.com,89883,21/05/2025
891,4,Santiago,Barrera,2,8577006235,7294997204,376 South Griffin Street,usuario891@gmail.com,29107,21/05/2025
892,3,Santos,Barrena,4,4566980389,898798500,373 Brickyard Avenue,usuario892@gmail.com,85778,21/05/2025
893,2,Sarita,Barba,3,1486601589,730106199,373 Bear Hill St,usuario893@gmail.com,43463,21/05/2025
894,3,Saturnino,Baquero-C?novas,3,4265951554,6099284685,37 Sunbeam Lane,usuario894@gmail.com,67434,21/05/2025
895,3,Serafina,Ba렲s,1,4680940144,7904201932,37 Garfield Dr,usuario895@gmail.com,95936,21/05/2025
896,4,Sergio,Ballesteros-Francisco,4,9702310518,8760693745,37 Fairview Ave,usuario896@gmail.com,42395,21/05/2025
897,3,Sergio,Balaguer,3,5466744532,9334631249,363 The Green,usuario897@gmail.com,89308,21/05/2025
898,2,Seve,Baeza-Rodriguez,5,7131981843,8275993961,363 Carson Lane,usuario898@gmail.com,60379,21/05/2025
899,4,Seve,B?ez,1,8293947205,8249659079,36 South Lake Forest Lane,usuario899@gmail.com,56661,21/05/2025
900,2,Seve,Baena,5,8331302014,3842776415,36 NW Pierce St,usuario900@gmail.com,21295,21/05/2025
901,4,Severiano,Azorin,5,8980132189,1402168944,353 Sherman St,usuario901@gmail.com,65831,21/05/2025
902,2,Severino,Azorin,4,5743359024,9421406741,353 Canterbury Dr,usuario902@gmail.com,17282,21/05/2025
903,2,Severo,Aznar,5,2982382307,2241581048,35 The Crescent,usuario903@gmail.com,91831,21/05/2025
904,2,Severo,Aznar,3,3134898648,6896834689,35 Miller St,usuario904@gmail.com,87758,21/05/2025
905,3,Sigfrido,Azcona,3,3050880549,1389797751,35 Airport Street,usuario905@gmail.com,56811,21/05/2025
906,2,Sigfrido,Ayuso,2,8425210965,2040129970,34 West Pleasant St,usuario906@gmail.com,20985,21/05/2025
907,2,Silvia,Asensio,1,1957642772,804030428,34 Manor Road,usuario907@gmail.com,19222,21/05/2025
908,2,Silvio,Asensio,1,1128461209,4498413236,34 E Lafayette Court,usuario908@gmail.com,22119,21/05/2025
909,3,Silvio,Asensio,3,3720564233,2542894783,34 Anderson Ave,usuario909@gmail.com,33564,21/05/2025
910,2,Sim잝,Asenjo,1,5458741963,1961941693,33 York Road,usuario910@gmail.com,18243,21/05/2025
911,2,Socorro,Arrieta,2,8587393671,4722115890,328 E Windfall Ave,usuario911@gmail.com,25169,21/05/2025
912,3,Socorro,Arrieta,4,3344283658,1604023772,324 Augusta St,usuario912@gmail.com,94158,21/05/2025
913,2,Socorro,Arribas,4,7532838616,3820523822,323 1st St,usuario913@gmail.com,75069,21/05/2025
914,4,Socorro,Arregui,3,8938897847,8848260701,319 The Grove,usuario914@gmail.com,99745,21/05/2025
915,4,Sofa,Arregui,3,6310345682,936534109,319 Alexander Road,usuario915@gmail.com,80225,21/05/2025
916,3,Sofa,Arranz-Muro,3,1908020410,5189444989,31 Studebaker St,usuario916@gmail.com,15801,21/05/2025
917,2,Sofa,Armas,2,4121282106,6775150176,309 South Hill Field St,usuario917@gmail.com,84927,21/05/2025
918,4,Sol,Ari렲,3,9106222315,872157170,308 Elmwood Ave,usuario918@gmail.com,45174,21/05/2025
919,3,Soledad,Ar?valo,3,6651628370,471802011,307 Fairview Avenue,usuario919@gmail.com,96906,21/05/2025
920,3,Sonia,Ar?valo,4,6028514412,1627123343,304 Springfield Road,usuario920@gmail.com,15741,21/05/2025
921,3,Soraya,Ar?valo,1,6273666956,4054221136,30 N Park Avenue,usuario921@gmail.com,53415,21/05/2025
922,4,Soraya,Arenas,4,4727344243,734584739,30 Main Road,usuario922@gmail.com,39169,21/05/2025
923,3,Soraya,Arenas,3,9698610754,6646877479,3 Sunset Street,usuario923@gmail.com,40681,21/05/2025
924,4,Sosimo,Arenas,4,8815282902,9414674972,3 St John?s Road,usuario924@gmail.com,63444,21/05/2025
925,2,Sosimo,Arellano-Murcia,1,3270487843,3672882239,3 Jefferson Dr,usuario925@gmail.com,37651,21/05/2025
926,3,Susana,Arce,3,9040420575,9052870137,3 Holly Ave,usuario926@gmail.com,90654,21/05/2025
927,3,Susana,Arce,3,4370695058,5477885090,3 Church Street,usuario927@gmail.com,64184,21/05/2025
928,2,Susanita,Arce,5,4310792330,8503777390,288 Broadway,usuario928@gmail.com,22892,21/05/2025
929,2,Susanita,Araujo,1,2548971053,1709594479,28 Windsor Road,usuario929@gmail.com,72079,21/05/2025
930,4,Susanita,Arana,3,2062547146,497593529,28 Victoria Street,usuario930@gmail.com,92092,21/05/2025
931,2,Tecla,Aramburu,1,6939794471,343999770,28 London Road,usuario931@gmail.com,92727,21/05/2025
932,2,Tecla,Aramburu,3,4504151504,197629025,279 Magnolia Avenue,usuario932@gmail.com,10888,21/05/2025
933,3,Tecla,Aragon?s,5,9132265949,5999271102,277 Halifax Dr,usuario933@gmail.com,82187,21/05/2025
934,2,Telmo,Antn,4,4010526994,9827299984,275 Rock Maple Avenue,usuario934@gmail.com,70776,21/05/2025
935,2,Telmo,Anguita-Sancho,3,9251078458,919574074,270 West Green Lake St,usuario935@gmail.com,12879,21/05/2025
936,2,Teodora,Anglada,3,9313223606,472905677,27 Grandrose Ave,usuario936@gmail.com,41954,21/05/2025
937,2,Teodosio,?ngel,1,6757708520,5785085215,27 Church Road,usuario937@gmail.com,48691,21/05/2025
938,4,Teodosio,Andr?s,2,5253898260,6895389645,269 Hartford St,usuario938@gmail.com,63002,21/05/2025
939,3,Te잕ila,Andres,4,4163988760,4012172604,268 E Penn Circle,usuario939@gmail.com,87844,21/05/2025
940,2,Te잕ilo,Andrade,1,9951117285,2625675555,265 Mill Pond Dr,usuario940@gmail.com,55162,21/05/2025
941,3,Te잕ilo,Andrade,5,2765661471,5717487772,26 Sycamore Street,usuario941@gmail.com,37860,21/05/2025
942,2,Tere,Anaya,1,2816604043,8129379573,26 North Road,usuario942@gmail.com,82201,21/05/2025
943,2,Teresa,Anaya,1,3765802044,5166889356,26 Grove Road,usuario943@gmail.com,38074,21/05/2025
944,4,Teresita,Anaya,3,7485708893,836174576,26 East Main Dr,usuario944@gmail.com,53684,21/05/2025
945,4,Teresita,Amores,3,7295659742,4590948775,257 Pheasant Drive,usuario945@gmail.com,11096,21/05/2025
946,4,Timoteo,Amor,5,1976967955,3093394250,254 Kingston Street,usuario946@gmail.com,38360,21/05/2025
947,3,Timoteo,Amig-Arias,1,3043238232,8605234400,242 East 8th Lane,usuario947@gmail.com,40212,21/05/2025
948,3,Tito,Amaya,1,1661696746,8610232459,24 Rock Maple Lane,usuario948@gmail.com,10314,21/05/2025
949,4,Tomasa,Amaya,1,8811268651,685755381,24 Railroad Court,usuario949@gmail.com,46738,21/05/2025
950,3,To렲,Amaya,3,3961118588,3165349007,24 Kings Road,usuario950@gmail.com,23883,21/05/2025
951,3,Toribio,Amat,4,3934255494,6079105852,234 W Riverside St,usuario951@gmail.com,87685,21/05/2025
952,2,Toribio,Amador,1,2869573803,5284328325,231 Marsh Lane,usuario952@gmail.com,83052,21/05/2025
953,3,Trini,?lvaro,3,2374052569,6677948586,23 Tarkiln Hill Avenue,usuario953@gmail.com,35220,21/05/2025
954,2,Trini,?lvarez,5,1509128306,9249859162,23 Park Avenue,usuario954@gmail.com,97939,21/05/2025
955,3,Trinidad,Alvarez,1,4453902428,2029641967,23 Kent St,usuario955@gmail.com,61841,21/05/2025
956,3,Trinidad,Alvarado-Rocamora,5,9450685030,2879207465,221 Dogwood Dr,usuario956@gmail.com,97359,21/05/2025
957,3,Trinidad,Alvarado,2,9010634617,8384587313,220 Manchester Road,usuario957@gmail.com,21411,21/05/2025
958,3,Urbano,Alsina,2,3684296590,1414302070,22 Church Street,usuario958@gmail.com,86288,21/05/2025
959,3,Urbano,Alonso,2,2713171352,2384191681,218 Lake St,usuario959@gmail.com,46743,21/05/2025
960,2,Urbano,Alonso,1,1962635890,6831679372,213 The Drive,usuario960@gmail.com,63610,21/05/2025
961,3,?rsula,Almaz?n,2,6517997426,9806175839,21 Manor Road,usuario961@gmail.com,50515,21/05/2025
962,3,Valentina,Almansa-B?rcena,4,6816273319,6084670778,21 Grange Road,usuario962@gmail.com,63601,21/05/2025
963,3,Valeria,Almansa,2,5757250603,7295782231,21 Creek Drive,usuario963@gmail.com,94144,21/05/2025
964,3,Valeria,Alfonso,3,6133677867,9522749776,208 Grove Road,usuario964@gmail.com,78588,21/05/2025
965,2,Valerio,Alfonso,5,2084454248,9249717994,20 Marvon Rd,usuario965@gmail.com,18327,21/05/2025
966,2,Vanesa,Alemany,3,7297648559,5521625929,20 Deerfield Lane,usuario966@gmail.com,50441,21/05/2025
967,2,Vanesa,Alem?n-Prats,5,1632621696,4070877206,2 West Vine St,usuario967@gmail.com,33936,21/05/2025
968,4,Vasco,Alem?n,5,8555430057,2616085152,2 Ridgeview Dr,usuario968@gmail.com,27424,21/05/2025
969,2,Vencesl?s,Alem?n,4,4076654185,6202416747,2 Manchester Road,usuario969@gmail.com,27122,21/05/2025
970,2,Vera,Alegria,5,5410451113,1239496726,2 Delaware Lane,usuario970@gmail.com,85256,21/05/2025
971,2,Vicenta,Alegria,1,9027326269,167112694,190 Sierra St,usuario971@gmail.com,64887,21/05/2025
972,3,Vicenta,Alegre-Izquierdo,1,4731133306,9989801921,19 Victoria Street,usuario972@gmail.com,45429,21/05/2025
973,2,Vicente,Alegre,4,7746694007,1799740383,178 Oakland Lane,usuario973@gmail.com,50625,21/05/2025
974,3,Vicente,Alcolea,2,4804880038,479404548,176 Henry Smith Ave,usuario974@gmail.com,55799,21/05/2025
975,4,Vicente,Alcolea,5,7843231199,8810209940,17 South Court,usuario975@gmail.com,64887,21/05/2025
976,4,Vicente,Alc?zar,5,9910342367,5609047493,17 Silver Spear Drive,usuario976@gmail.com,26578,21/05/2025
977,4,Victor,Alcaraz,1,5777893297,5281996349,17 Ashley Street,usuario977@gmail.com,29727,21/05/2025
978,3,Victor,Alc?ntara,3,6882813898,6229396050,168 The Green,usuario978@gmail.com,99355,21/05/2025
979,3,Vctor,Alberola,1,2022805556,9776068034,165 Springfield Road,usuario979@gmail.com,37627,21/05/2025
980,2,Victoriano,Alberdi,4,8662794414,4465885026,16 George Street,usuario980@gmail.com,62793,21/05/2025
981,3,Victoriano,Alba,4,4264706175,921069324,15 East Richardson Drive,usuario981@gmail.com,94882,21/05/2025
982,4,Victorino,Alarcn,5,8702493266,132528456,142 Windfall St,usuario982@gmail.com,78050,21/05/2025
983,2,Violeta,AgustSegura,2,4850025718,7694058510,14 Charles Ave,usuario983@gmail.com,53255,21/05/2025
984,2,Vito,Agullo,3,7579409754,9494446505,136 Kingsway,usuario984@gmail.com,33888,21/05/2025
985,3,Vito,Aguirre,5,1633301528,1701447032,135 Airport Ave,usuario985@gmail.com,90911,21/05/2025
986,3,Viviana,Aguil,1,3952033086,4979541278,13 Victoria Road,usuario986@gmail.com,62432,21/05/2025
987,3,Ximena,Aguil,4,3634475818,7372017257,13 4th Rd,usuario987@gmail.com,93498,21/05/2025
988,4,Xiomara,Aguilera,4,7617572996,8400653864,120 Whitemarsh St,usuario988@gmail.com,52331,21/05/2025
989,3,Xiomara,?guila,4,1586409957,6599517387,12 Cypress Avenue,usuario989@gmail.com,72989,21/05/2025
990,4,Yago,Aguado,2,6939233935,6095589563,116 Division Lane,usuario990@gmail.com,38255,21/05/2025
991,4,Yago,Adadia,4,9796914331,398480818,114 Carriage Lane,usuario991@gmail.com,51677,21/05/2025
992,3,Yago,Acosta,4,9914576325,1138131269,11 The Avenue,usuario992@gmail.com,88349,21/05/2025
993,3,Yago,Acosta,1,7764872408,359307362,106 Market Ave,usuario993@gmail.com,65907,21/05/2025
994,2,Y?sica,Acosta,1,5362309554,4932721845,10 Rockwell Road,usuario994@gmail.com,55715,21/05/2025
995,2,Yolanda,Acero,1,7348406652,3790219555,10 Kings Road,usuario995@gmail.com,85457,21/05/2025
996,4,Zacaras,Acedo,4,6075743861,5587299404,1 The Avenue,usuario996@gmail.com,18330,21/05/2025
997,4,Zaida,Abril,1,3042627248,8226320510,1 Plymouth St,usuario997@gmail.com,34556,21/05/2025
998,4,Zaira,Abella,4,2860475860,9229609897,1 North Road,usuario998@gmail.com,98179,21/05/2025
999,2,Zoraida,Abad,1,8143412255,9033413659,1 Highland Ave,usuario999@gmail.com,74343,21/05/2025
1000,1,Jaiber,Almeida,1,1061720628,3053859440,7082 Herbert Key Apt 058,jaiber4302@gmail.com,12345,21/05/2025
